"RelativePath","Length","LastWriteTime","FullName"
".gitignore","68","2026-04-25T10:08:03.5271186Z","C:\Users\andre\Desktop\EURU TOS MAIN\.gitignore"
"CLAUDE.md","2325","2026-04-25T10:08:03.3451709Z","C:\Users\andre\Desktop\EURU TOS MAIN\CLAUDE.md"
"euru_asian_scan.py","21503","2026-04-25T10:19:05.3077124Z","C:\Users\andre\Desktop\EURU TOS MAIN\euru_asian_scan.py"
"euru_breakout_scanner.py","37494","2026-04-15T08:20:57.1811660Z","C:\Users\andre\Desktop\EURU TOS MAIN\euru_breakout_scanner.py"
"euru_daily_audit.py","24680","2026-04-21T05:29:48.7247977Z","C:\Users\andre\Desktop\EURU TOS MAIN\euru_daily_audit.py"
"euru_flow_analyst.py","22642","2026-04-04T20:11:56.0000000Z","C:\Users\andre\Desktop\EURU TOS MAIN\euru_flow_analyst.py"
"euru_friday_cycle.py","35682","2026-04-15T21:51:47.0916357Z","C:\Users\andre\Desktop\EURU TOS MAIN\euru_friday_cycle.py"
"euru_git_sync.py","1690","2026-04-25T10:21:02.3555315Z","C:\Users\andre\Desktop\EURU TOS MAIN\euru_git_sync.py"
"euru_github_sync.ps1","815","2026-04-25T10:21:02.3555315Z","C:\Users\andre\Desktop\EURU TOS MAIN\euru_github_sync.ps1"
"euru_journal_auditor.py","12562","2026-04-12T20:13:22.0000000Z","C:\Users\andre\Desktop\EURU TOS MAIN\euru_journal_auditor.py"
"euru_learning_engine.py","35772","2026-04-12T19:07:14.0000000Z","C:\Users\andre\Desktop\EURU TOS MAIN\euru_learning_engine.py"
"euru_learning_preflight.py","7804","2026-04-12T19:07:14.0000000Z","C:\Users\andre\Desktop\EURU TOS MAIN\euru_learning_preflight.py"
"euru_morning_scan.py","28305","2026-04-25T10:19:05.3067134Z","C:\Users\andre\Desktop\EURU TOS MAIN\euru_morning_scan.py"
"euru_schedule_setup.ps1","1580","2026-04-05T18:55:46.0000000Z","C:\Users\andre\Desktop\EURU TOS MAIN\euru_schedule_setup.ps1"
"euru_schema_validator.py","27667","2026-04-17T19:39:48.2636352Z","C:\Users\andre\Desktop\EURU TOS MAIN\euru_schema_validator.py"
"euru_score_engine.py","21644","2026-04-04T20:23:24.0000000Z","C:\Users\andre\Desktop\EURU TOS MAIN\euru_score_engine.py"
"euru_scorecard_engine.py","32828","2026-04-13T04:50:00.0000000Z","C:\Users\andre\Desktop\EURU TOS MAIN\euru_scorecard_engine.py"
"euru_threshold_registry.py","19764","2026-04-12T19:07:14.0000000Z","C:\Users\andre\Desktop\EURU TOS MAIN\euru_threshold_registry.py"
"euru_trade_metrics_calculator.py","11119","2026-04-25T10:30:10.9905120Z","C:\Users\andre\Desktop\EURU TOS MAIN\euru_trade_metrics_calculator.py"
"euru_trade_monitor.py","22686","2026-04-25T10:19:05.3077124Z","C:\Users\andre\Desktop\EURU TOS MAIN\euru_trade_monitor.py"
"README.md","2348","2026-04-25T10:08:03.3090192Z","C:\Users\andre\Desktop\EURU TOS MAIN\README.md"
"test_parse.py","750","2026-04-16T19:27:20.0714597Z","C:\Users\andre\Desktop\EURU TOS MAIN\test_parse.py"
"00_GOVERNANCA\EURU_HANDOFF_FILE_INDEX.md","2033","2026-04-12T19:07:08.0000000Z","C:\Users\andre\Desktop\EURU TOS MAIN\00_GOVERNANCA\EURU_HANDOFF_FILE_INDEX.md"
"00_GOVERNANCA\PIPELINES\EURU_FRIDAY_CYCLE.md","8619","2026-04-13T04:50:00.0000000Z","C:\Users\andre\Desktop\EURU TOS MAIN\00_GOVERNANCA\PIPELINES\EURU_FRIDAY_CYCLE.md"
"00_GOVERNANCA\SCHEMAS\EURU_SCHEMA_GOVERNANCE_THRESHOLDS.md","9374","2026-04-12T19:07:08.0000000Z","C:\Users\andre\Desktop\EURU TOS MAIN\00_GOVERNANCA\SCHEMAS\EURU_SCHEMA_GOVERNANCE_THRESHOLDS.md"
"00_GOVERNANCA\SCHEMAS\EURU_SCHEMA_LEARNING_REPORT_AND_SCORECARD.md","10325","2026-04-12T19:07:08.0000000Z","C:\Users\andre\Desktop\EURU TOS MAIN\00_GOVERNANCA\SCHEMAS\EURU_SCHEMA_LEARNING_REPORT_AND_SCORECARD.md"
"00_GOVERNANCA\SCHEMAS\EURU_SCHEMA_TRADE_AND_JOURNAL.md","10324","2026-04-12T19:07:08.0000000Z","C:\Users\andre\Desktop\EURU TOS MAIN\00_GOVERNANCA\SCHEMAS\EURU_SCHEMA_TRADE_AND_JOURNAL.md"
"00_GOVERNANCA\SCHEMAS\EURU_SETUP_TREND_CONTINUATION_OFFICIAL_v1.0.md","5838","2026-04-12T19:44:58.0000000Z","C:\Users\andre\Desktop\EURU TOS MAIN\00_GOVERNANCA\SCHEMAS\EURU_SETUP_TREND_CONTINUATION_OFFICIAL_v1.0.md"
"00_GOVERNANCA\THRESHOLDS\CHANGELOGS\THRESHOLDS_CHANGELOG_system_default_v1.0.0_to_v1.1.0.md","1068","2026-04-12T19:07:08.0000000Z","C:\Users\andre\Desktop\EURU TOS MAIN\00_GOVERNANCA\THRESHOLDS\CHANGELOGS\THRESHOLDS_CHANGELOG_system_default_v1.0.0_to_v1.1.0.md"
"00_GOVERNANCA\THRESHOLDS\PROFILES\THRESHOLDS_PROFILE_system_default_v1.0.0.md","2065","2026-04-12T19:07:08.0000000Z","C:\Users\andre\Desktop\EURU TOS MAIN\00_GOVERNANCA\THRESHOLDS\PROFILES\THRESHOLDS_PROFILE_system_default_v1.0.0.md"
"00_GOVERNANCA\THRESHOLDS\PROFILES\THRESHOLDS_PROFILE_system_default_v1.1.0.md","2503","2026-04-12T19:07:08.0000000Z","C:\Users\andre\Desktop\EURU TOS MAIN\00_GOVERNANCA\THRESHOLDS\PROFILES\THRESHOLDS_PROFILE_system_default_v1.1.0.md"
"00_MASTER\EURU_AGENT_MAP.md","12221","2026-04-15T07:32:25.6745884Z","C:\Users\andre\Desktop\EURU TOS MAIN\00_MASTER\EURU_AGENT_MAP.md"
"00_MASTER\EURU_CLAUDE_REVIEW_2026-04-25.md","14389","2026-04-25T11:14:15.9094365Z","C:\Users\andre\Desktop\EURU TOS MAIN\00_MASTER\EURU_CLAUDE_REVIEW_2026-04-25.md"
"00_MASTER\EURU_COMPLETE_SYSTEM_AUDIT_2026-04-15.md","48447","2026-04-15T21:07:43.4699089Z","C:\Users\andre\Desktop\EURU TOS MAIN\00_MASTER\EURU_COMPLETE_SYSTEM_AUDIT_2026-04-15.md"
"00_MASTER\EURU_CONSOLIDATION_ROADMAP.md","2354","2026-04-25T10:30:10.9917695Z","C:\Users\andre\Desktop\EURU TOS MAIN\00_MASTER\EURU_CONSOLIDATION_ROADMAP.md"
"00_MASTER\EURU_DOCUMENT_REGISTRY_OFFICIAL_v1.3.md","7441","2026-04-11T10:08:48.0000000Z","C:\Users\andre\Desktop\EURU TOS MAIN\00_MASTER\EURU_DOCUMENT_REGISTRY_OFFICIAL_v1.3.md"
"00_MASTER\EURU_HANDOFF_PROMPT_MASTER_REGISTRY_OTHER_IA.md","1116","2026-04-11T10:09:04.0000000Z","C:\Users\andre\Desktop\EURU TOS MAIN\00_MASTER\EURU_HANDOFF_PROMPT_MASTER_REGISTRY_OTHER_IA.md"
"00_MASTER\EURU_MASTER_DOCUMENTO_OFFICIAL_v1.1.md","6535","2026-04-11T10:09:04.0000000Z","C:\Users\andre\Desktop\EURU TOS MAIN\00_MASTER\EURU_MASTER_DOCUMENTO_OFFICIAL_v1.1.md"
"00_MASTER\EURU_MASTER_INDEX.md","1811","2026-04-25T10:30:10.9905120Z","C:\Users\andre\Desktop\EURU TOS MAIN\00_MASTER\EURU_MASTER_INDEX.md"
"00_MASTER\EURU_MASTER_SESSION_LOG_2026-04-25.md","55175","2026-04-25T09:49:16.8590104Z","C:\Users\andre\Desktop\EURU TOS MAIN\00_MASTER\EURU_MASTER_SESSION_LOG_2026-04-25.md"
"00_MASTER\EURU_MIGRATION_MANIFEST_2026-04-25.md","1812","2026-04-25T10:08:39.4492627Z","C:\Users\andre\Desktop\EURU TOS MAIN\00_MASTER\EURU_MIGRATION_MANIFEST_2026-04-25.md"
"00_MASTER\EURU_NEW_CHAT_PROMPT_MASTER.md","26955","2026-04-15T21:11:16.2575037Z","C:\Users\andre\Desktop\EURU TOS MAIN\00_MASTER\EURU_NEW_CHAT_PROMPT_MASTER.md"
"00_MASTER\EURU_OPERATIONAL_STATE.md","2266","2026-04-25T10:08:03.3776757Z","C:\Users\andre\Desktop\EURU TOS MAIN\00_MASTER\EURU_OPERATIONAL_STATE.md"
"00_MASTER\EURU_SOURCE_OF_TRUTH.md","1546","2026-04-25T10:08:03.4075825Z","C:\Users\andre\Desktop\EURU TOS MAIN\00_MASTER\EURU_SOURCE_OF_TRUTH.md"
"01_GOVERNANCA\ADR_0001_EURU_CANONICAL_OPERATIONAL_STATE_READ_ONLY.md","1106","2026-04-11T10:09:04.0000000Z","C:\Users\andre\Desktop\EURU TOS MAIN\01_GOVERNANCA\ADR_0001_EURU_CANONICAL_OPERATIONAL_STATE_READ_ONLY.md"
"01_GOVERNANCA\ADR_0002_EURU_QUALITY_CONTROL_CANONICAL_FOLDER.md","2386","2026-04-11T10:09:04.0000000Z","C:\Users\andre\Desktop\EURU TOS MAIN\01_GOVERNANCA\ADR_0002_EURU_QUALITY_CONTROL_CANONICAL_FOLDER.md"
"01_GOVERNANCA\DECISOES_ESTRATEGICAS_REVISADO.md","32100","2026-04-25T11:37:12.9561941Z","C:\Users\andre\Desktop\EURU TOS MAIN\01_GOVERNANCA\DECISOES_ESTRATEGICAS_REVISADO.md"
"01_GOVERNANCA\EURU_AGENT_DECISION_STANDARD_REVISADO.md","1673","2026-04-04T19:32:06.0000000Z","C:\Users\andre\Desktop\EURU TOS MAIN\01_GOVERNANCA\EURU_AGENT_DECISION_STANDARD_REVISADO.md"
"01_GOVERNANCA\EURU_DOCUMENT_POLICY_OFFICIAL_v1.0.md","4819","2026-04-11T10:09:04.0000000Z","C:\Users\andre\Desktop\EURU TOS MAIN\01_GOVERNANCA\EURU_DOCUMENT_POLICY_OFFICIAL_v1.0.md"
"01_GOVERNANCA\EURU_DOCUMENT_TEMPLATE_HEADER_CHANGELOG.md","434","2026-04-11T10:09:04.0000000Z","C:\Users\andre\Desktop\EURU TOS MAIN\01_GOVERNANCA\EURU_DOCUMENT_TEMPLATE_HEADER_CHANGELOG.md"
"01_GOVERNANCA\EURU_GOVERNANCE_LEGACY_TRIAGE_OFFICIAL_v1.0.md","5735","2026-04-11T10:09:04.0000000Z","C:\Users\andre\Desktop\EURU TOS MAIN\01_GOVERNANCA\EURU_GOVERNANCE_LEGACY_TRIAGE_OFFICIAL_v1.0.md"
"01_GOVERNANCA\EURU_GOVERNANCE_OPERATIONAL_STATE_OFFICIAL_v1.0.md","4200","2026-04-11T10:09:04.0000000Z","C:\Users\andre\Desktop\EURU TOS MAIN\01_GOVERNANCA\EURU_GOVERNANCE_OPERATIONAL_STATE_OFFICIAL_v1.0.md"
"01_GOVERNANCA\EURU_GOVERNANCE_POLICY_ChangeManagement_OFFICIAL_v1.0.md","3021","2026-04-11T10:09:04.0000000Z","C:\Users\andre\Desktop\EURU TOS MAIN\01_GOVERNANCA\EURU_GOVERNANCE_POLICY_ChangeManagement_OFFICIAL_v1.0.md"
"01_GOVERNANCA\EURU_GOVERNANCE_POLICY_HumanResponsibilities_OFFICIAL_v1.0.md","2743","2026-04-11T10:09:04.0000000Z","C:\Users\andre\Desktop\EURU TOS MAIN\01_GOVERNANCA\EURU_GOVERNANCE_POLICY_HumanResponsibilities_OFFICIAL_v1.0.md"
"01_GOVERNANCA\EURU_GOVERNANCE_POLICY_LegacyMigration_OFFICIAL_v1.0.md","4542","2026-04-11T10:09:04.0000000Z","C:\Users\andre\Desktop\EURU TOS MAIN\01_GOVERNANCA\EURU_GOVERNANCE_POLICY_LegacyMigration_OFFICIAL_v1.0.md"
"01_GOVERNANCA\EURU_GOVERNANCE_RULES_MasterRules_OFFICIAL_v1.1.md","3548","2026-04-11T10:09:04.0000000Z","C:\Users\andre\Desktop\EURU TOS MAIN\01_GOVERNANCA\EURU_GOVERNANCE_RULES_MasterRules_OFFICIAL_v1.1.md"
"01_GOVERNANCA\EURU_GOVERNANCE_STANDARD_StatusDefinitions_OFFICIAL_v1.0.md","4184","2026-04-11T10:09:04.0000000Z","C:\Users\andre\Desktop\EURU TOS MAIN\01_GOVERNANCA\EURU_GOVERNANCE_STANDARD_StatusDefinitions_OFFICIAL_v1.0.md"
"01_GOVERNANCA\EURU_OS_1_REVISADO.md","3351","2026-04-04T19:32:06.0000000Z","C:\Users\andre\Desktop\EURU TOS MAIN\01_GOVERNANCA\EURU_OS_1_REVISADO.md"
"01_GOVERNANCA\EURU_OS_REVISADO.md","4280","2026-04-04T19:32:06.0000000Z","C:\Users\andre\Desktop\EURU TOS MAIN\01_GOVERNANCA\EURU_OS_REVISADO.md"
"01_GOVERNANCA\GOVERNANCA_DE_MUDANCAS_REVISADO.md","1599","2026-04-04T19:32:06.0000000Z","C:\Users\andre\Desktop\EURU TOS MAIN\01_GOVERNANCA\GOVERNANCA_DE_MUDANCAS_REVISADO.md"
"01_GOVERNANCA\PADRAO_UNIFICADO_DE_STATUS_REVISADO.md","1807","2026-04-04T19:32:06.0000000Z","C:\Users\andre\Desktop\EURU TOS MAIN\01_GOVERNANCA\PADRAO_UNIFICADO_DE_STATUS_REVISADO.md"
"01_GOVERNANCA\README_GOVERNANCE.md","1528","2026-04-04T19:38:02.0000000Z","C:\Users\andre\Desktop\EURU TOS MAIN\01_GOVERNANCA\README_GOVERNANCE.md"
"01_GOVERNANCA\REGRAS_MAE_REVISADO_SUMMARY.md","2252","2026-04-04T19:32:06.0000000Z","C:\Users\andre\Desktop\EURU TOS MAIN\01_GOVERNANCA\REGRAS_MAE_REVISADO_SUMMARY.md"
"01_GOVERNANCA\REGRAS_MAE_REVISADO.md","1738","2026-04-04T19:32:06.0000000Z","C:\Users\andre\Desktop\EURU TOS MAIN\01_GOVERNANCA\REGRAS_MAE_REVISADO.md"
"01_GOVERNANCA\RESPONSABILIDADES_HUMANOS_REVISADO.md","2357","2026-04-04T19:32:06.0000000Z","C:\Users\andre\Desktop\EURU TOS MAIN\01_GOVERNANCA\RESPONSABILIDADES_HUMANOS_REVISADO.md"
"02_BINANCE_SETUP\BINANCE_VERIFY.md","364","2026-03-28T08:42:40.0000000Z","C:\Users\andre\Desktop\EURU TOS MAIN\02_BINANCE_SETUP\BINANCE_VERIFY.md"
"03_ARQUITETURA\EURU_ARCHITECTURE_DIAGRAM_PipelineLogic_OFFICIAL_v1.0.md","6617","2026-04-11T10:09:26.0000000Z","C:\Users\andre\Desktop\EURU TOS MAIN\03_ARQUITETURA\EURU_ARCHITECTURE_DIAGRAM_PipelineLogic_OFFICIAL_v1.0.md"
"03_ARQUITETURA\PIPELINE_DIAGRAM.md","27441","2026-04-05T14:38:46.0000000Z","C:\Users\andre\Desktop\EURU TOS MAIN\03_ARQUITETURA\PIPELINE_DIAGRAM.md"
"04_AGENTES\01_RISK_GUARDIAN\BRIEFING.md","3880","2026-04-15T06:18:41.4752460Z","C:\Users\andre\Desktop\EURU TOS MAIN\04_AGENTES\01_RISK_GUARDIAN\BRIEFING.md"
"04_AGENTES\01_RISK_GUARDIAN\OUTPUT_FORMAT.md","4814","2026-04-15T06:19:00.7369849Z","C:\Users\andre\Desktop\EURU TOS MAIN\04_AGENTES\01_RISK_GUARDIAN\OUTPUT_FORMAT.md"
"04_AGENTES\01_RISK_GUARDIAN\PROMPT.md","3772","2026-04-15T06:18:22.2934954Z","C:\Users\andre\Desktop\EURU TOS MAIN\04_AGENTES\01_RISK_GUARDIAN\PROMPT.md"
"04_AGENTES\01_SCOUT\BRIEFING_FINAL.md","2092","2026-04-05T12:17:28.0000000Z","C:\Users\andre\Desktop\EURU TOS MAIN\04_AGENTES\01_SCOUT\BRIEFING_FINAL.md"
"04_AGENTES\01_SCOUT\EURU_AGENTS_SCOUT_PROMPT_OFFICIAL_v1.0.md","1991","2026-04-12T20:22:26.0000000Z","C:\Users\andre\Desktop\EURU TOS MAIN\04_AGENTES\01_SCOUT\EURU_AGENTS_SCOUT_PROMPT_OFFICIAL_v1.0.md"
"04_AGENTES\01_SCOUT\OUTPUT_FORMAT_FINAL.md","1963","2026-04-05T12:20:04.0000000Z","C:\Users\andre\Desktop\EURU TOS MAIN\04_AGENTES\01_SCOUT\OUTPUT_FORMAT_FINAL.md"
"04_AGENTES\01_SCOUT\PROMPT_REVISADO.md","1355","2026-04-05T12:10:54.0000000Z","C:\Users\andre\Desktop\EURU TOS MAIN\04_AGENTES\01_SCOUT\PROMPT_REVISADO.md"
"04_AGENTES\02_FLOW_ANALYST\BRIEFING_FINAL.md","2027","2026-04-05T12:21:42.0000000Z","C:\Users\andre\Desktop\EURU TOS MAIN\04_AGENTES\02_FLOW_ANALYST\BRIEFING_FINAL.md"
"04_AGENTES\02_FLOW_ANALYST\EURU_AGENTS_FLOW_ANALYST_PROMPT_OFFICIAL_v1.0.md","1162","2026-04-12T20:22:26.0000000Z","C:\Users\andre\Desktop\EURU TOS MAIN\04_AGENTES\02_FLOW_ANALYST\EURU_AGENTS_FLOW_ANALYST_PROMPT_OFFICIAL_v1.0.md"
"04_AGENTES\02_FLOW_ANALYST\OUTPUT_FORMAT_FINAL.md","2105","2026-04-05T12:23:10.0000000Z","C:\Users\andre\Desktop\EURU TOS MAIN\04_AGENTES\02_FLOW_ANALYST\OUTPUT_FORMAT_FINAL.md"
"04_AGENTES\02_FLOW_ANALYST\PROMPT_REVISADO.md","505","2026-04-05T12:11:10.0000000Z","C:\Users\andre\Desktop\EURU TOS MAIN\04_AGENTES\02_FLOW_ANALYST\PROMPT_REVISADO.md"
"04_AGENTES\02_STRUCTURE_HUNTER\BRIEFING.md","3510","2026-04-15T06:19:43.3190337Z","C:\Users\andre\Desktop\EURU TOS MAIN\04_AGENTES\02_STRUCTURE_HUNTER\BRIEFING.md"
"04_AGENTES\02_STRUCTURE_HUNTER\OUTPUT_FORMAT.md","4504","2026-04-15T06:20:03.8230043Z","C:\Users\andre\Desktop\EURU TOS MAIN\04_AGENTES\02_STRUCTURE_HUNTER\OUTPUT_FORMAT.md"
"04_AGENTES\02_STRUCTURE_HUNTER\PROMPT.md","3619","2026-04-15T06:19:23.2355792Z","C:\Users\andre\Desktop\EURU TOS MAIN\04_AGENTES\02_STRUCTURE_HUNTER\PROMPT.md"
"04_AGENTES\03_BREAKOUT_CONFIRMATION\BRIEFING.md","4021","2026-04-15T06:20:50.4770152Z","C:\Users\andre\Desktop\EURU TOS MAIN\04_AGENTES\03_BREAKOUT_CONFIRMATION\BRIEFING.md"
"04_AGENTES\03_BREAKOUT_CONFIRMATION\OUTPUT_FORMAT.md","3988","2026-04-15T06:21:10.7970950Z","C:\Users\andre\Desktop\EURU TOS MAIN\04_AGENTES\03_BREAKOUT_CONFIRMATION\OUTPUT_FORMAT.md"
"04_AGENTES\03_BREAKOUT_CONFIRMATION\PROMPT.md","3969","2026-04-15T06:20:26.3250431Z","C:\Users\andre\Desktop\EURU TOS MAIN\04_AGENTES\03_BREAKOUT_CONFIRMATION\PROMPT.md"
"04_AGENTES\03_NEWS_SENTINEL\BRIEFING_FINAL.md","1984","2026-04-05T12:24:18.0000000Z","C:\Users\andre\Desktop\EURU TOS MAIN\04_AGENTES\03_NEWS_SENTINEL\BRIEFING_FINAL.md"
"04_AGENTES\03_NEWS_SENTINEL\EURU_AGENTS_NEWS_SENTINEL_PROMPT_OFFICIAL_v1.0.md","1143","2026-04-12T20:22:26.0000000Z","C:\Users\andre\Desktop\EURU TOS MAIN\04_AGENTES\03_NEWS_SENTINEL\EURU_AGENTS_NEWS_SENTINEL_PROMPT_OFFICIAL_v1.0.md"
"04_AGENTES\03_NEWS_SENTINEL\OUTPUT_FORMAT_FINAL.md","2262","2026-04-05T12:25:14.0000000Z","C:\Users\andre\Desktop\EURU TOS MAIN\04_AGENTES\03_NEWS_SENTINEL\OUTPUT_FORMAT_FINAL.md"
"04_AGENTES\03_NEWS_SENTINEL\PROMPT_REVISADO.md","483","2026-04-05T12:11:22.0000000Z","C:\Users\andre\Desktop\EURU TOS MAIN\04_AGENTES\03_NEWS_SENTINEL\PROMPT_REVISADO.md"
"04_AGENTES\04_ALERT_RADAR\BRIEFING.md","3968","2026-04-15T06:21:53.2617003Z","C:\Users\andre\Desktop\EURU TOS MAIN\04_AGENTES\04_ALERT_RADAR\BRIEFING.md"
"04_AGENTES\04_ALERT_RADAR\OUTPUT_FORMAT.md","4500","2026-04-15T06:22:11.7573971Z","C:\Users\andre\Desktop\EURU TOS MAIN\04_AGENTES\04_ALERT_RADAR\OUTPUT_FORMAT.md"
"04_AGENTES\04_ALERT_RADAR\PROMPT.md","3783","2026-04-15T06:21:32.3719674Z","C:\Users\andre\Desktop\EURU TOS MAIN\04_AGENTES\04_ALERT_RADAR\PROMPT.md"
"04_AGENTES\04_QUANT_RISK_OFFICER\BRIEFING_FINAL.md","2038","2026-04-05T12:28:34.0000000Z","C:\Users\andre\Desktop\EURU TOS MAIN\04_AGENTES\04_QUANT_RISK_OFFICER\BRIEFING_FINAL.md"
"04_AGENTES\04_QUANT_RISK_OFFICER\EURU_AGENTS_QUANT_RISK_OFFICER_PROMPT_OFFICIAL_v1.0.md","1191","2026-04-12T20:22:26.0000000Z","C:\Users\andre\Desktop\EURU TOS MAIN\04_AGENTES\04_QUANT_RISK_OFFICER\EURU_AGENTS_QUANT_RISK_OFFICER_PROMPT_OFFICIAL_v1.0.md"
"04_AGENTES\04_QUANT_RISK_OFFICER\OUTPUT_FORMAT_FINAL.md","2090","2026-04-05T12:29:36.0000000Z","C:\Users\andre\Desktop\EURU TOS MAIN\04_AGENTES\04_QUANT_RISK_OFFICER\OUTPUT_FORMAT_FINAL.md"
"04_AGENTES\04_QUANT_RISK_OFFICER\PROMPT_REVISADO.md","516","2026-04-05T12:11:32.0000000Z","C:\Users\andre\Desktop\EURU TOS MAIN\04_AGENTES\04_QUANT_RISK_OFFICER\PROMPT_REVISADO.md"
"04_AGENTES\05_EXECUTION_ORCHESTRATOR\BRIEFING_FINAL.md","2280","2026-04-05T12:30:50.0000000Z","C:\Users\andre\Desktop\EURU TOS MAIN\04_AGENTES\05_EXECUTION_ORCHESTRATOR\BRIEFING_FINAL.md"
"04_AGENTES\05_EXECUTION_ORCHESTRATOR\EURU_AGENTS_EXECUTION_ORCHESTRATOR_PROMPT_OFFICIAL_v1.0.md","1213","2026-04-12T20:22:26.0000000Z","C:\Users\andre\Desktop\EURU TOS MAIN\04_AGENTES\05_EXECUTION_ORCHESTRATOR\EURU_AGENTS_EXECUTION_ORCHESTRATOR_PROMPT_OFFICIAL_v1.0.md"
"04_AGENTES\05_EXECUTION_ORCHESTRATOR\OUTPUT_FORMAT_FINAL.md","2561","2026-04-05T12:32:58.0000000Z","C:\Users\andre\Desktop\EURU TOS MAIN\04_AGENTES\05_EXECUTION_ORCHESTRATOR\OUTPUT_FORMAT_FINAL.md"
"04_AGENTES\05_EXECUTION_ORCHESTRATOR\PROMPT_REVISADO.md","526","2026-04-05T12:11:44.0000000Z","C:\Users\andre\Desktop\EURU TOS MAIN\04_AGENTES\05_EXECUTION_ORCHESTRATOR\PROMPT_REVISADO.md"
"04_AGENTES\05_MARKET_REGIME\BRIEFING.md","4074","2026-04-15T06:22:59.0538076Z","C:\Users\andre\Desktop\EURU TOS MAIN\04_AGENTES\05_MARKET_REGIME\BRIEFING.md"
"04_AGENTES\05_MARKET_REGIME\OUTPUT_FORMAT.md","5162","2026-04-15T06:23:22.2458353Z","C:\Users\andre\Desktop\EURU TOS MAIN\04_AGENTES\05_MARKET_REGIME\OUTPUT_FORMAT.md"
"04_AGENTES\05_MARKET_REGIME\PROMPT.md","3828","2026-04-15T06:22:33.3695547Z","C:\Users\andre\Desktop\EURU TOS MAIN\04_AGENTES\05_MARKET_REGIME\PROMPT.md"
"04_AGENTES\06_DEVOPS_GUARDIAO\BRIEFING_FINAL.md","2045","2026-04-05T12:34:32.0000000Z","C:\Users\andre\Desktop\EURU TOS MAIN\04_AGENTES\06_DEVOPS_GUARDIAO\BRIEFING_FINAL.md"
"04_AGENTES\06_DEVOPS_GUARDIAO\EURU_AGENTS_DEVOPS_GUARDIAO_PROMPT_OFFICIAL_v1.0.md","5518","2026-04-11T10:09:14.0000000Z","C:\Users\andre\Desktop\EURU TOS MAIN\04_AGENTES\06_DEVOPS_GUARDIAO\EURU_AGENTS_DEVOPS_GUARDIAO_PROMPT_OFFICIAL_v1.0.md"
"04_AGENTES\06_DEVOPS_GUARDIAO\OUTPUT_FORMAT_FINAL.md","2052","2026-04-05T12:35:54.0000000Z","C:\Users\andre\Desktop\EURU TOS MAIN\04_AGENTES\06_DEVOPS_GUARDIAO\OUTPUT_FORMAT_FINAL.md"
"04_AGENTES\06_TACTICAL_EXECUTION\BRIEFING.md","4132","2026-04-15T06:24:13.4123606Z","C:\Users\andre\Desktop\EURU TOS MAIN\04_AGENTES\06_TACTICAL_EXECUTION\BRIEFING.md"
"04_AGENTES\06_TACTICAL_EXECUTION\OUTPUT_FORMAT.md","5470","2026-04-15T06:24:37.0892480Z","C:\Users\andre\Desktop\EURU TOS MAIN\04_AGENTES\06_TACTICAL_EXECUTION\OUTPUT_FORMAT.md"
"04_AGENTES\06_TACTICAL_EXECUTION\PROMPT.md","4159","2026-04-15T06:23:46.5747257Z","C:\Users\andre\Desktop\EURU TOS MAIN\04_AGENTES\06_TACTICAL_EXECUTION\PROMPT.md"
"04_AGENTES\07_COMPOUNDING_GOVERNOR\BRIEFING.md","4656","2026-04-15T06:25:27.6544168Z","C:\Users\andre\Desktop\EURU TOS MAIN\04_AGENTES\07_COMPOUNDING_GOVERNOR\BRIEFING.md"
"04_AGENTES\07_COMPOUNDING_GOVERNOR\OUTPUT_FORMAT.md","5129","2026-04-15T06:25:48.9249525Z","C:\Users\andre\Desktop\EURU TOS MAIN\04_AGENTES\07_COMPOUNDING_GOVERNOR\OUTPUT_FORMAT.md"
"04_AGENTES\07_COMPOUNDING_GOVERNOR\PROMPT.md","4063","2026-04-15T06:25:03.3518985Z","C:\Users\andre\Desktop\EURU TOS MAIN\04_AGENTES\07_COMPOUNDING_GOVERNOR\PROMPT.md"
"04_AGENTES\07_JOURNAL_AUDITOR\BRIEFING_FINAL.md","1973","2026-04-05T12:36:56.0000000Z","C:\Users\andre\Desktop\EURU TOS MAIN\04_AGENTES\07_JOURNAL_AUDITOR\BRIEFING_FINAL.md"
"04_AGENTES\07_JOURNAL_AUDITOR\EURU_AGENTS_JOURNAL_AUDITOR_PROMPT_OFFICIAL_v1.0.md","5491","2026-04-11T10:09:14.0000000Z","C:\Users\andre\Desktop\EURU TOS MAIN\04_AGENTES\07_JOURNAL_AUDITOR\EURU_AGENTS_JOURNAL_AUDITOR_PROMPT_OFFICIAL_v1.0.md"
"04_AGENTES\07_JOURNAL_AUDITOR\OUTPUT_FORMAT_FINAL.md","2117","2026-04-05T12:37:54.0000000Z","C:\Users\andre\Desktop\EURU TOS MAIN\04_AGENTES\07_JOURNAL_AUDITOR\OUTPUT_FORMAT_FINAL.md"
"04_AGENTES\08_JOURNAL_LEARNING\BRIEFING.md","4333","2026-04-15T06:26:34.3399978Z","C:\Users\andre\Desktop\EURU TOS MAIN\04_AGENTES\08_JOURNAL_LEARNING\BRIEFING.md"
"04_AGENTES\08_JOURNAL_LEARNING\OUTPUT_FORMAT.md","4248","2026-04-15T06:26:54.6825621Z","C:\Users\andre\Desktop\EURU TOS MAIN\04_AGENTES\08_JOURNAL_LEARNING\OUTPUT_FORMAT.md"
"04_AGENTES\08_JOURNAL_LEARNING\PROMPT.md","3901","2026-04-15T06:26:10.9181241Z","C:\Users\andre\Desktop\EURU TOS MAIN\04_AGENTES\08_JOURNAL_LEARNING\PROMPT.md"
"04_AGENTES\08_SCORE_ENGINE\BRIEFING_FINAL.md","1650","2026-04-05T12:38:48.0000000Z","C:\Users\andre\Desktop\EURU TOS MAIN\04_AGENTES\08_SCORE_ENGINE\BRIEFING_FINAL.md"
"04_AGENTES\08_SCORE_ENGINE\EURU_AGENTS_SCORE_ENGINE_PROMPT_OFFICIAL_v1.0.md","1991","2026-04-12T20:22:26.0000000Z","C:\Users\andre\Desktop\EURU TOS MAIN\04_AGENTES\08_SCORE_ENGINE\EURU_AGENTS_SCORE_ENGINE_PROMPT_OFFICIAL_v1.0.md"
"04_AGENTES\08_SCORE_ENGINE\OUTPUT_FORMAT_FINAL.md","2159","2026-04-05T12:39:44.0000000Z","C:\Users\andre\Desktop\EURU TOS MAIN\04_AGENTES\08_SCORE_ENGINE\OUTPUT_FORMAT_FINAL.md"
"04_AGENTES\08_SCORE_ENGINE\PROMPT_REVISADO.md","1334","2026-04-05T12:12:24.0000000Z","C:\Users\andre\Desktop\EURU TOS MAIN\04_AGENTES\08_SCORE_ENGINE\PROMPT_REVISADO.md"
"04_AGENTES\08_WATCHDOG\08_WATCHDOG_PROMPT_REVISADO.txt","6920","2026-04-05T13:28:30.0000000Z","C:\Users\andre\Desktop\EURU TOS MAIN\04_AGENTES\08_WATCHDOG\08_WATCHDOG_PROMPT_REVISADO.txt"
"04_AGENTES\08_WATCHDOG\BRIEFING_FINAL.md","1637","2026-04-05T12:43:20.0000000Z","C:\Users\andre\Desktop\EURU TOS MAIN\04_AGENTES\08_WATCHDOG\BRIEFING_FINAL.md"
"04_AGENTES\08_WATCHDOG\EURU_AGENTS_WATCHDOG_PROMPT_OFFICIAL_v1.0.md","4200","2026-04-12T20:22:36.0000000Z","C:\Users\andre\Desktop\EURU TOS MAIN\04_AGENTES\08_WATCHDOG\EURU_AGENTS_WATCHDOG_PROMPT_OFFICIAL_v1.0.md"
"04_AGENTES\08_WATCHDOG\OUTPUT_FORMAT_FINAL.md","2130","2026-04-05T12:44:34.0000000Z","C:\Users\andre\Desktop\EURU TOS MAIN\04_AGENTES\08_WATCHDOG\OUTPUT_FORMAT_FINAL.md"
"04_AGENTES\09_MAC_PLAYBOOK_ANALYST\BRIEFING_FINAL.md","2087","2026-04-05T12:40:52.0000000Z","C:\Users\andre\Desktop\EURU TOS MAIN\04_AGENTES\09_MAC_PLAYBOOK_ANALYST\BRIEFING_FINAL.md"
"04_AGENTES\09_MAC_PLAYBOOK_ANALYST\EURU_AGENTS_MAC_PLAYBOOK_ANALYST_PROMPT_OFFICIAL_v1.0.md","2063","2026-04-12T20:22:26.0000000Z","C:\Users\andre\Desktop\EURU TOS MAIN\04_AGENTES\09_MAC_PLAYBOOK_ANALYST\EURU_AGENTS_MAC_PLAYBOOK_ANALYST_PROMPT_OFFICIAL_v1.0.md"
"04_AGENTES\09_MAC_PLAYBOOK_ANALYST\OUTPUT_FORMAT_FINAL.md","3097","2026-04-05T12:42:18.0000000Z","C:\Users\andre\Desktop\EURU TOS MAIN\04_AGENTES\09_MAC_PLAYBOOK_ANALYST\OUTPUT_FORMAT_FINAL.md"
"04_AGENTES\09_MAC_PLAYBOOK_ANALYST\PROMPT_REVISADO.md","1382","2026-04-05T12:13:02.0000000Z","C:\Users\andre\Desktop\EURU TOS MAIN\04_AGENTES\09_MAC_PLAYBOOK_ANALYST\PROMPT_REVISADO.md"
"04_AGENTES\09_PROMISE_AUDITOR\BRIEFING.md","4270","2026-04-15T06:27:41.9563583Z","C:\Users\andre\Desktop\EURU TOS MAIN\04_AGENTES\09_PROMISE_AUDITOR\BRIEFING.md"
"04_AGENTES\09_PROMISE_AUDITOR\OUTPUT_FORMAT.md","7286","2026-04-15T06:28:13.4928781Z","C:\Users\andre\Desktop\EURU TOS MAIN\04_AGENTES\09_PROMISE_AUDITOR\OUTPUT_FORMAT.md"
"04_AGENTES\09_PROMISE_AUDITOR\PROMPT.md","4311","2026-04-15T06:27:17.7454637Z","C:\Users\andre\Desktop\EURU TOS MAIN\04_AGENTES\09_PROMISE_AUDITOR\PROMPT.md"
"04_AGENTES\11_QUALITY_CONTROL\BRIEFING_FINAL.md","2902","2026-04-11T10:09:14.0000000Z","C:\Users\andre\Desktop\EURU TOS MAIN\04_AGENTES\11_QUALITY_CONTROL\BRIEFING_FINAL.md"
"04_AGENTES\11_QUALITY_CONTROL\EURU_AGENTS_QUALITY_CONTROL_PROMPT_OFFICIAL_v1.0.md","2884","2026-04-11T10:09:14.0000000Z","C:\Users\andre\Desktop\EURU TOS MAIN\04_AGENTES\11_QUALITY_CONTROL\EURU_AGENTS_QUALITY_CONTROL_PROMPT_OFFICIAL_v1.0.md"
"04_AGENTES\11_QUALITY_CONTROL\OUTPUT_FORMAT_FINAL.md","2913","2026-04-11T10:09:14.0000000Z","C:\Users\andre\Desktop\EURU TOS MAIN\04_AGENTES\11_QUALITY_CONTROL\OUTPUT_FORMAT_FINAL.md"
"04_AGENTES\BREAKOUT_LAYER\01_RISK_GUARDIAN\BRIEFING.md","3410","2026-04-15T06:39:37.2155788Z","C:\Users\andre\Desktop\EURU TOS MAIN\04_AGENTES\BREAKOUT_LAYER\01_RISK_GUARDIAN\BRIEFING.md"
"04_AGENTES\BREAKOUT_LAYER\01_RISK_GUARDIAN\OUTPUT_FORMAT.md","5341","2026-04-15T06:40:08.4088537Z","C:\Users\andre\Desktop\EURU TOS MAIN\04_AGENTES\BREAKOUT_LAYER\01_RISK_GUARDIAN\OUTPUT_FORMAT.md"
"04_AGENTES\BREAKOUT_LAYER\01_RISK_GUARDIAN\PROMPT.md","3708","2026-04-15T06:39:18.5807296Z","C:\Users\andre\Desktop\EURU TOS MAIN\04_AGENTES\BREAKOUT_LAYER\01_RISK_GUARDIAN\PROMPT.md"
"04_AGENTES\BREAKOUT_LAYER\02_STRUCTURE_HUNTER\BRIEFING.md","3634","2026-04-15T06:40:52.1120375Z","C:\Users\andre\Desktop\EURU TOS MAIN\04_AGENTES\BREAKOUT_LAYER\02_STRUCTURE_HUNTER\BRIEFING.md"
"04_AGENTES\BREAKOUT_LAYER\02_STRUCTURE_HUNTER\OUTPUT_FORMAT.md","4770","2026-04-15T06:41:13.8396009Z","C:\Users\andre\Desktop\EURU TOS MAIN\04_AGENTES\BREAKOUT_LAYER\02_STRUCTURE_HUNTER\OUTPUT_FORMAT.md"
"04_AGENTES\BREAKOUT_LAYER\02_STRUCTURE_HUNTER\PROMPT.md","3609","2026-04-15T06:40:29.6477446Z","C:\Users\andre\Desktop\EURU TOS MAIN\04_AGENTES\BREAKOUT_LAYER\02_STRUCTURE_HUNTER\PROMPT.md"
"04_AGENTES\BREAKOUT_LAYER\03_BREAKOUT_CONFIRMATION\BRIEFING.md","3711","2026-04-15T06:41:59.9950136Z","C:\Users\andre\Desktop\EURU TOS MAIN\04_AGENTES\BREAKOUT_LAYER\03_BREAKOUT_CONFIRMATION\BRIEFING.md"
"04_AGENTES\BREAKOUT_LAYER\03_BREAKOUT_CONFIRMATION\OUTPUT_FORMAT.md","4292","2026-04-15T06:42:21.8183523Z","C:\Users\andre\Desktop\EURU TOS MAIN\04_AGENTES\BREAKOUT_LAYER\03_BREAKOUT_CONFIRMATION\OUTPUT_FORMAT.md"
"04_AGENTES\BREAKOUT_LAYER\03_BREAKOUT_CONFIRMATION\PROMPT.md","3806","2026-04-15T06:41:38.4479681Z","C:\Users\andre\Desktop\EURU TOS MAIN\04_AGENTES\BREAKOUT_LAYER\03_BREAKOUT_CONFIRMATION\PROMPT.md"
"04_AGENTES\BREAKOUT_LAYER\04_ALERT_RADAR\BRIEFING.md","4032","2026-04-15T06:43:06.6671563Z","C:\Users\andre\Desktop\EURU TOS MAIN\04_AGENTES\BREAKOUT_LAYER\04_ALERT_RADAR\BRIEFING.md"
"04_AGENTES\BREAKOUT_LAYER\04_ALERT_RADAR\OUTPUT_FORMAT.md","5018","2026-04-15T06:43:26.6860200Z","C:\Users\andre\Desktop\EURU TOS MAIN\04_AGENTES\BREAKOUT_LAYER\04_ALERT_RADAR\OUTPUT_FORMAT.md"
"04_AGENTES\BREAKOUT_LAYER\04_ALERT_RADAR\PROMPT.md","3746","2026-04-15T06:42:44.6339410Z","C:\Users\andre\Desktop\EURU TOS MAIN\04_AGENTES\BREAKOUT_LAYER\04_ALERT_RADAR\PROMPT.md"
"04_AGENTES\BREAKOUT_LAYER\05_MARKET_REGIME\BRIEFING.md","3909","2026-04-15T06:44:12.1819396Z","C:\Users\andre\Desktop\EURU TOS MAIN\04_AGENTES\BREAKOUT_LAYER\05_MARKET_REGIME\BRIEFING.md"
"04_AGENTES\BREAKOUT_LAYER\05_MARKET_REGIME\OUTPUT_FORMAT.md","5417","2026-04-15T06:44:36.4450057Z","C:\Users\andre\Desktop\EURU TOS MAIN\04_AGENTES\BREAKOUT_LAYER\05_MARKET_REGIME\OUTPUT_FORMAT.md"
"04_AGENTES\BREAKOUT_LAYER\05_MARKET_REGIME\PROMPT.md","3937","2026-04-15T06:43:51.5392629Z","C:\Users\andre\Desktop\EURU TOS MAIN\04_AGENTES\BREAKOUT_LAYER\05_MARKET_REGIME\PROMPT.md"
"04_AGENTES\BREAKOUT_LAYER\05_SCORING\configs\breakout_weights_v1.yaml","11648","2026-04-15T07:02:46.6403515Z","C:\Users\andre\Desktop\EURU TOS MAIN\04_AGENTES\BREAKOUT_LAYER\05_SCORING\configs\breakout_weights_v1.yaml"
"04_AGENTES\BREAKOUT_LAYER\05_SCORING\docs\BREAKOUT_SCORING_OVERVIEW.md","7733","2026-04-15T07:03:30.9025414Z","C:\Users\andre\Desktop\EURU TOS MAIN\04_AGENTES\BREAKOUT_LAYER\05_SCORING\docs\BREAKOUT_SCORING_OVERVIEW.md"
"04_AGENTES\BREAKOUT_LAYER\05_SCORING\schemas\euru_breakout_feature_schema.yaml","17988","2026-04-15T07:01:52.7143228Z","C:\Users\andre\Desktop\EURU TOS MAIN\04_AGENTES\BREAKOUT_LAYER\05_SCORING\schemas\euru_breakout_feature_schema.yaml"
"04_AGENTES\BREAKOUT_LAYER\06_EXECUTION\BREAKOUT_EXECUTION_FLOW.md","13667","2026-04-15T07:05:16.8271097Z","C:\Users\andre\Desktop\EURU TOS MAIN\04_AGENTES\BREAKOUT_LAYER\06_EXECUTION\BREAKOUT_EXECUTION_FLOW.md"
"04_AGENTES\BREAKOUT_LAYER\06_TACTICAL_EXECUTION\BRIEFING.md","4042","2026-04-15T06:45:25.9734330Z","C:\Users\andre\Desktop\EURU TOS MAIN\04_AGENTES\BREAKOUT_LAYER\06_TACTICAL_EXECUTION\BRIEFING.md"
"04_AGENTES\BREAKOUT_LAYER\06_TACTICAL_EXECUTION\OUTPUT_FORMAT.md","5207","2026-04-15T06:45:59.5127068Z","C:\Users\andre\Desktop\EURU TOS MAIN\04_AGENTES\BREAKOUT_LAYER\06_TACTICAL_EXECUTION\OUTPUT_FORMAT.md"
"04_AGENTES\BREAKOUT_LAYER\06_TACTICAL_EXECUTION\PROMPT.md","4233","2026-04-15T06:45:02.8529793Z","C:\Users\andre\Desktop\EURU TOS MAIN\04_AGENTES\BREAKOUT_LAYER\06_TACTICAL_EXECUTION\PROMPT.md"
"04_AGENTES\BREAKOUT_LAYER\07_COMPOUNDING_GOVERNOR\BRIEFING.md","3938","2026-04-15T06:46:44.2421407Z","C:\Users\andre\Desktop\EURU TOS MAIN\04_AGENTES\BREAKOUT_LAYER\07_COMPOUNDING_GOVERNOR\BRIEFING.md"
"04_AGENTES\BREAKOUT_LAYER\07_COMPOUNDING_GOVERNOR\OUTPUT_FORMAT.md","4512","2026-04-15T06:47:04.7607688Z","C:\Users\andre\Desktop\EURU TOS MAIN\04_AGENTES\BREAKOUT_LAYER\07_COMPOUNDING_GOVERNOR\OUTPUT_FORMAT.md"
"04_AGENTES\BREAKOUT_LAYER\07_COMPOUNDING_GOVERNOR\PROMPT.md","4085","2026-04-15T06:46:22.8915426Z","C:\Users\andre\Desktop\EURU TOS MAIN\04_AGENTES\BREAKOUT_LAYER\07_COMPOUNDING_GOVERNOR\PROMPT.md"
"04_AGENTES\BREAKOUT_LAYER\07_GOVERNANCE\BREAKOUT_AUDIT_RULES.md","8692","2026-04-15T07:06:49.3015204Z","C:\Users\andre\Desktop\EURU TOS MAIN\04_AGENTES\BREAKOUT_LAYER\07_GOVERNANCE\BREAKOUT_AUDIT_RULES.md"
"04_AGENTES\BREAKOUT_LAYER\07_GOVERNANCE\BREAKOUT_GOVERNANCE_RULES.md","7689","2026-04-15T07:06:00.2214731Z","C:\Users\andre\Desktop\EURU TOS MAIN\04_AGENTES\BREAKOUT_LAYER\07_GOVERNANCE\BREAKOUT_GOVERNANCE_RULES.md"
"04_AGENTES\BREAKOUT_LAYER\08_JOURNAL_LEARNING\BRIEFING.md","4658","2026-04-15T06:47:55.8010242Z","C:\Users\andre\Desktop\EURU TOS MAIN\04_AGENTES\BREAKOUT_LAYER\08_JOURNAL_LEARNING\BRIEFING.md"
"04_AGENTES\BREAKOUT_LAYER\08_JOURNAL_LEARNING\OUTPUT_FORMAT.md","4731","2026-04-15T06:48:16.7829018Z","C:\Users\andre\Desktop\EURU TOS MAIN\04_AGENTES\BREAKOUT_LAYER\08_JOURNAL_LEARNING\OUTPUT_FORMAT.md"
"04_AGENTES\BREAKOUT_LAYER\08_JOURNAL_LEARNING\PROMPT.md","4154","2026-04-15T06:47:28.8699690Z","C:\Users\andre\Desktop\EURU TOS MAIN\04_AGENTES\BREAKOUT_LAYER\08_JOURNAL_LEARNING\PROMPT.md"
"04_AGENTES\BREAKOUT_LAYER\08_LEARNING\BREAKOUT_LEARNING_LOOP.md","11508","2026-04-15T07:07:56.2299822Z","C:\Users\andre\Desktop\EURU TOS MAIN\04_AGENTES\BREAKOUT_LAYER\08_LEARNING\BREAKOUT_LEARNING_LOOP.md"
"04_AGENTES\BREAKOUT_LAYER\09_HANDOFF\EURU_BREAKOUT_HANDOFF.md","13606","2026-04-15T07:09:01.2091341Z","C:\Users\andre\Desktop\EURU TOS MAIN\04_AGENTES\BREAKOUT_LAYER\09_HANDOFF\EURU_BREAKOUT_HANDOFF.md"
"04_AGENTES\BREAKOUT_LAYER\09_HANDOFF\EURU_BREAKOUT_IMPLEMENTATION_SUMMARY.md","14763","2026-04-15T07:33:53.6615706Z","C:\Users\andre\Desktop\EURU TOS MAIN\04_AGENTES\BREAKOUT_LAYER\09_HANDOFF\EURU_BREAKOUT_IMPLEMENTATION_SUMMARY.md"
"04_AGENTES\BREAKOUT_LAYER\09_PROMISE_AUDITOR\BRIEFING.md","4150","2026-04-15T06:49:07.2223520Z","C:\Users\andre\Desktop\EURU TOS MAIN\04_AGENTES\BREAKOUT_LAYER\09_PROMISE_AUDITOR\BRIEFING.md"
"04_AGENTES\BREAKOUT_LAYER\09_PROMISE_AUDITOR\OUTPUT_FORMAT.md","8583","2026-04-15T06:49:44.9356104Z","C:\Users\andre\Desktop\EURU TOS MAIN\04_AGENTES\BREAKOUT_LAYER\09_PROMISE_AUDITOR\OUTPUT_FORMAT.md"
"04_AGENTES\BREAKOUT_LAYER\09_PROMISE_AUDITOR\PROMPT.md","4555","2026-04-15T06:48:41.1546105Z","C:\Users\andre\Desktop\EURU TOS MAIN\04_AGENTES\BREAKOUT_LAYER\09_PROMISE_AUDITOR\PROMPT.md"
"05_PROMPTS\EURU_OPERATIONS_PROMPT_DailyOperation_OFFICIAL_v1.0.md","2579","2026-04-11T10:09:26.0000000Z","C:\Users\andre\Desktop\EURU TOS MAIN\05_PROMPTS\EURU_OPERATIONS_PROMPT_DailyOperation_OFFICIAL_v1.0.md"
"05_PROMPTS\EURU_OPERATIONS_PROMPT_PostTrade_OFFICIAL_v1.0.md","2115","2026-04-11T10:09:26.0000000Z","C:\Users\andre\Desktop\EURU TOS MAIN\05_PROMPTS\EURU_OPERATIONS_PROMPT_PostTrade_OFFICIAL_v1.0.md"
"05_PROMPTS\EURU_OPERATIONS_PROMPT_PreTrade_OFFICIAL_v1.0.md","2124","2026-04-11T10:09:26.0000000Z","C:\Users\andre\Desktop\EURU TOS MAIN\05_PROMPTS\EURU_OPERATIONS_PROMPT_PreTrade_OFFICIAL_v1.0.md"
"05_PROMPTS\EURU_OPERATIONS_PROMPT_WeeklyReview_OFFICIAL_v1.0.md","3173","2026-04-11T10:09:26.0000000Z","C:\Users\andre\Desktop\EURU TOS MAIN\05_PROMPTS\EURU_OPERATIONS_PROMPT_WeeklyReview_OFFICIAL_v1.0.md"
"05_PROMPTS\PROMPT_DAILY_OPERATION.md","4736","2026-04-05T14:47:58.0000000Z","C:\Users\andre\Desktop\EURU TOS MAIN\05_PROMPTS\PROMPT_DAILY_OPERATION.md"
"05_PROMPTS\PROMPT_POST_TRADE.md","4907","2026-04-05T14:48:42.0000000Z","C:\Users\andre\Desktop\EURU TOS MAIN\05_PROMPTS\PROMPT_POST_TRADE.md"
"05_PROMPTS\PROMPT_PRE_TRADE.md","4690","2026-04-05T14:48:16.0000000Z","C:\Users\andre\Desktop\EURU TOS MAIN\05_PROMPTS\PROMPT_PRE_TRADE.md"
"05_PROMPTS\PROMPT_WEEKLY_REVIEW.md","6247","2026-04-05T14:50:00.0000000Z","C:\Users\andre\Desktop\EURU TOS MAIN\05_PROMPTS\PROMPT_WEEKLY_REVIEW.md"
"06_RISCO_E_EXECUCAO\EURU_RISK_FRAMEWORK_RiskMatrix_OFFICIAL_v1.0.md","2654","2026-04-11T10:09:26.0000000Z","C:\Users\andre\Desktop\EURU TOS MAIN\06_RISCO_E_EXECUCAO\EURU_RISK_FRAMEWORK_RiskMatrix_OFFICIAL_v1.0.md"
"06_RISCO_E_EXECUCAO\EURU_RISK_POLICY_ExitPolicy_OFFICIAL_v1.0.md","3825","2026-04-11T10:09:26.0000000Z","C:\Users\andre\Desktop\EURU TOS MAIN\06_RISCO_E_EXECUCAO\EURU_RISK_POLICY_ExitPolicy_OFFICIAL_v1.0.md"
"06_RISCO_E_EXECUCAO\RISK_MATRIX.md","15508","2026-04-05T14:42:48.0000000Z","C:\Users\andre\Desktop\EURU TOS MAIN\06_RISCO_E_EXECUCAO\RISK_MATRIX.md"
"07_OPERACAO\CHECKLIST_PRE_TRADE_v2.txt","7562","2026-04-05T13:46:08.0000000Z","C:\Users\andre\Desktop\EURU TOS MAIN\07_OPERACAO\CHECKLIST_PRE_TRADE_v2.txt"
"07_OPERACAO\EURU_OPERATIONS_POLICY_ReadOnlyMode_OFFICIAL_v1.0.md","3472","2026-04-11T10:09:26.0000000Z","C:\Users\andre\Desktop\EURU TOS MAIN\07_OPERACAO\EURU_OPERATIONS_POLICY_ReadOnlyMode_OFFICIAL_v1.0.md"
"07_OPERACAO\EURU_OPERATIONS_RUNBOOK_DocumentalBacklog_OFFICIAL_v1.0.md","8102","2026-04-11T10:09:26.0000000Z","C:\Users\andre\Desktop\EURU TOS MAIN\07_OPERACAO\EURU_OPERATIONS_RUNBOOK_DocumentalBacklog_OFFICIAL_v1.0.md"
"07_OPERACAO\MODO_READ_ONLY.txt","8392","2026-04-05T14:02:18.0000000Z","C:\Users\andre\Desktop\EURU TOS MAIN\07_OPERACAO\MODO_READ_ONLY.txt"
"07_OPERACAO\Politica_Saida_Completa_Euru.txt","6124","2026-04-03T16:47:30.0000000Z","C:\Users\andre\Desktop\EURU TOS MAIN\07_OPERACAO\Politica_Saida_Completa_Euru.txt"
"07_OPERACAO\SIMULATE_SETUP.md","19191","2026-04-05T14:53:22.0000000Z","C:\Users\andre\Desktop\EURU TOS MAIN\07_OPERACAO\SIMULATE_SETUP.md"
"07_OPERACAO\SOP_DIARIO_v2.txt","9744","2026-04-05T13:45:32.0000000Z","C:\Users\andre\Desktop\EURU TOS MAIN\07_OPERACAO\SOP_DIARIO_v2.txt"
"07_OPERACAO\SOP_SEMANAL.txt","10130","2026-04-05T14:01:28.0000000Z","C:\Users\andre\Desktop\EURU TOS MAIN\07_OPERACAO\SOP_SEMANAL.txt"
"07_OPERACAO\Teste_Integrado_Pipeline.txt","7440","2026-04-05T14:02:40.0000000Z","C:\Users\andre\Desktop\EURU TOS MAIN\07_OPERACAO\Teste_Integrado_Pipeline.txt"
"08_DADOS_E_JOURNAL\AUDIT_REPORTS\DAILY_AUDIT_REPORT_2026-04-21.md","978","2026-04-21T05:31:46.1547083Z","C:\Users\andre\Desktop\EURU TOS MAIN\08_DADOS_E_JOURNAL\AUDIT_REPORTS\DAILY_AUDIT_REPORT_2026-04-21.md"
"08_DADOS_E_JOURNAL\AUDIT_REPORTS\DAILY_AUDIT_REPORT_2026-04-22.md","950","2026-04-22T06:30:06.5258695Z","C:\Users\andre\Desktop\EURU TOS MAIN\08_DADOS_E_JOURNAL\AUDIT_REPORTS\DAILY_AUDIT_REPORT_2026-04-22.md"
"08_DADOS_E_JOURNAL\AUDIT_REPORTS\DAILY_AUDIT_REPORT_2026-04-23.md","951","2026-04-23T06:30:03.9416635Z","C:\Users\andre\Desktop\EURU TOS MAIN\08_DADOS_E_JOURNAL\AUDIT_REPORTS\DAILY_AUDIT_REPORT_2026-04-23.md"
"08_DADOS_E_JOURNAL\AUDIT_REPORTS\DAILY_AUDIT_REPORT_2026-04-24.md","960","2026-04-24T06:30:04.1932913Z","C:\Users\andre\Desktop\EURU TOS MAIN\08_DADOS_E_JOURNAL\AUDIT_REPORTS\DAILY_AUDIT_REPORT_2026-04-24.md"
"08_DADOS_E_JOURNAL\AUDIT_REPORTS\DAILY_AUDIT_REPORT_2026-04-25.md","1022","2026-04-25T09:09:40.6537907Z","C:\Users\andre\Desktop\EURU TOS MAIN\08_DADOS_E_JOURNAL\AUDIT_REPORTS\DAILY_AUDIT_REPORT_2026-04-25.md"
"08_DADOS_E_JOURNAL\AUDIT_REPORTS\WEEKLY_AUDIT_REPORT_2026-W17.md","1299","2026-04-25T09:09:37.8222811Z","C:\Users\andre\Desktop\EURU TOS MAIN\08_DADOS_E_JOURNAL\AUDIT_REPORTS\WEEKLY_AUDIT_REPORT_2026-W17.md"
"08_DADOS_E_JOURNAL\JOURNAL_DAILY\JOURNAL_2026-04-14.md","1314","2026-04-14T05:30:01.4932257Z","C:\Users\andre\Desktop\EURU TOS MAIN\08_DADOS_E_JOURNAL\JOURNAL_DAILY\JOURNAL_2026-04-14.md"
"08_DADOS_E_JOURNAL\JOURNAL_DAILY\JOURNAL_2026-04-15.md","1300","2026-04-15T05:30:03.4239522Z","C:\Users\andre\Desktop\EURU TOS MAIN\08_DADOS_E_JOURNAL\JOURNAL_DAILY\JOURNAL_2026-04-15.md"
"08_DADOS_E_JOURNAL\JOURNAL_DAILY\JOURNAL_2026-04-18.md","1308","2026-04-18T05:30:02.1171805Z","C:\Users\andre\Desktop\EURU TOS MAIN\08_DADOS_E_JOURNAL\JOURNAL_DAILY\JOURNAL_2026-04-18.md"
"08_DADOS_E_JOURNAL\JOURNAL_DAILY\JOURNAL_2026-04-20.md","1308","2026-04-20T05:30:01.7959359Z","C:\Users\andre\Desktop\EURU TOS MAIN\08_DADOS_E_JOURNAL\JOURNAL_DAILY\JOURNAL_2026-04-20.md"
"08_DADOS_E_JOURNAL\JOURNAL_DAILY\JOURNAL_2026-04-21.md","1308","2026-04-21T05:30:02.1071472Z","C:\Users\andre\Desktop\EURU TOS MAIN\08_DADOS_E_JOURNAL\JOURNAL_DAILY\JOURNAL_2026-04-21.md"
"08_DADOS_E_JOURNAL\JOURNAL_DAILY\JOURNAL_2026-04-22.md","1308","2026-04-22T05:41:48.7171064Z","C:\Users\andre\Desktop\EURU TOS MAIN\08_DADOS_E_JOURNAL\JOURNAL_DAILY\JOURNAL_2026-04-22.md"
"08_DADOS_E_JOURNAL\JOURNAL_DAILY\JOURNAL_2026-04-23.md","1308","2026-04-23T05:30:01.8743965Z","C:\Users\andre\Desktop\EURU TOS MAIN\08_DADOS_E_JOURNAL\JOURNAL_DAILY\JOURNAL_2026-04-23.md"
"08_DADOS_E_JOURNAL\JOURNAL_DAILY\JOURNAL_2026-04-24.md","1308","2026-04-24T05:31:42.7010198Z","C:\Users\andre\Desktop\EURU TOS MAIN\08_DADOS_E_JOURNAL\JOURNAL_DAILY\JOURNAL_2026-04-24.md"
"08_DADOS_E_JOURNAL\JOURNAL_DAILY\JOURNAL_2026-04-25.md","1316","2026-04-25T09:09:37.8232738Z","C:\Users\andre\Desktop\EURU TOS MAIN\08_DADOS_E_JOURNAL\JOURNAL_DAILY\JOURNAL_2026-04-25.md"
"08_DADOS_E_JOURNAL\JOURNAL_TRADES\JOURNAL_2026-04-09.md","7243","2026-04-12T19:30:08.0000000Z","C:\Users\andre\Desktop\EURU TOS MAIN\08_DADOS_E_JOURNAL\JOURNAL_TRADES\JOURNAL_2026-04-09.md"
"08_DADOS_E_JOURNAL\JOURNAL_TRADES\JOURNAL_2026-04-10.md","11220","2026-04-12T19:30:08.0000000Z","C:\Users\andre\Desktop\EURU TOS MAIN\08_DADOS_E_JOURNAL\JOURNAL_TRADES\JOURNAL_2026-04-10.md"
"08_DADOS_E_JOURNAL\JOURNAL_TRADES\JOURNAL_2026-04-11.md","15958","2026-04-12T19:30:08.0000000Z","C:\Users\andre\Desktop\EURU TOS MAIN\08_DADOS_E_JOURNAL\JOURNAL_TRADES\JOURNAL_2026-04-11.md"
"08_DADOS_E_JOURNAL\JOURNAL_TRADES\JOURNAL_2026-04-17.md","19535","2026-04-17T19:40:01.7283126Z","C:\Users\andre\Desktop\EURU TOS MAIN\08_DADOS_E_JOURNAL\JOURNAL_TRADES\JOURNAL_2026-04-17.md"
"08_DADOS_E_JOURNAL\JOURNAL_TRADES\PAPER_TRADE_001.md","12940","2026-04-17T19:37:25.3222920Z","C:\Users\andre\Desktop\EURU TOS MAIN\08_DADOS_E_JOURNAL\JOURNAL_TRADES\PAPER_TRADE_001.md"
"08_DADOS_E_JOURNAL\JOURNAL_TRADES\PAPER_TRADE_002.md","11967","2026-04-17T19:37:25.3222920Z","C:\Users\andre\Desktop\EURU TOS MAIN\08_DADOS_E_JOURNAL\JOURNAL_TRADES\PAPER_TRADE_002.md"
"08_DADOS_E_JOURNAL\JOURNAL_TRADES\PAPER_TRADE_003.md","22087","2026-04-17T19:39:55.8812924Z","C:\Users\andre\Desktop\EURU TOS MAIN\08_DADOS_E_JOURNAL\JOURNAL_TRADES\PAPER_TRADE_003.md"
"08_DADOS_E_JOURNAL\JOURNAL_TRADES\PAPER_TRADE_004.md","21669","2026-04-25T10:19:05.3057039Z","C:\Users\andre\Desktop\EURU TOS MAIN\08_DADOS_E_JOURNAL\JOURNAL_TRADES\PAPER_TRADE_004.md"
"08_DADOS_E_JOURNAL\METRICS\TRADE_METRICS_REPORT_2026-04-25.md","1994","2026-04-25T10:29:41.5207018Z","C:\Users\andre\Desktop\EURU TOS MAIN\08_DADOS_E_JOURNAL\METRICS\TRADE_METRICS_REPORT_2026-04-25.md"
"08_DADOS_E_JOURNAL\SCORECARDS\ASIAN_REPORT_2026-04-06.md","7625","2026-04-12T19:30:08.0000000Z","C:\Users\andre\Desktop\EURU TOS MAIN\08_DADOS_E_JOURNAL\SCORECARDS\ASIAN_REPORT_2026-04-06.md"
"08_DADOS_E_JOURNAL\SCORECARDS\ASIAN_REPORT_2026-04-07.md","7625","2026-04-12T19:30:08.0000000Z","C:\Users\andre\Desktop\EURU TOS MAIN\08_DADOS_E_JOURNAL\SCORECARDS\ASIAN_REPORT_2026-04-07.md"
"08_DADOS_E_JOURNAL\SCORECARDS\ASIAN_REPORT_2026-04-08.md","7625","2026-04-12T19:30:08.0000000Z","C:\Users\andre\Desktop\EURU TOS MAIN\08_DADOS_E_JOURNAL\SCORECARDS\ASIAN_REPORT_2026-04-08.md"
"08_DADOS_E_JOURNAL\SCORECARDS\ASIAN_REPORT_2026-04-09.md","7625","2026-04-12T19:30:08.0000000Z","C:\Users\andre\Desktop\EURU TOS MAIN\08_DADOS_E_JOURNAL\SCORECARDS\ASIAN_REPORT_2026-04-09.md"
"08_DADOS_E_JOURNAL\SCORECARDS\ASIAN_REPORT_2026-04-10.md","7625","2026-04-12T19:30:08.0000000Z","C:\Users\andre\Desktop\EURU TOS MAIN\08_DADOS_E_JOURNAL\SCORECARDS\ASIAN_REPORT_2026-04-10.md"
"08_DADOS_E_JOURNAL\SCORECARDS\ASIAN_REPORT_2026-04-14.md","10418","2026-04-17T19:37:25.3237939Z","C:\Users\andre\Desktop\EURU TOS MAIN\08_DADOS_E_JOURNAL\SCORECARDS\ASIAN_REPORT_2026-04-14.md"
"08_DADOS_E_JOURNAL\SCORECARDS\ASIAN_REPORT_2026-04-15.md","10552","2026-04-17T19:37:25.3249451Z","C:\Users\andre\Desktop\EURU TOS MAIN\08_DADOS_E_JOURNAL\SCORECARDS\ASIAN_REPORT_2026-04-15.md"
"08_DADOS_E_JOURNAL\SCORECARDS\ASIAN_REPORT_2026-04-16.md","10273","2026-04-17T19:37:25.3262442Z","C:\Users\andre\Desktop\EURU TOS MAIN\08_DADOS_E_JOURNAL\SCORECARDS\ASIAN_REPORT_2026-04-16.md"
"08_DADOS_E_JOURNAL\SCORECARDS\ASIAN_REPORT_2026-04-17.md","10220","2026-04-17T19:37:25.3262442Z","C:\Users\andre\Desktop\EURU TOS MAIN\08_DADOS_E_JOURNAL\SCORECARDS\ASIAN_REPORT_2026-04-17.md"
"08_DADOS_E_JOURNAL\SCORECARDS\ASIAN_REPORT_2026-04-18.md","10215","2026-04-25T10:19:05.3008159Z","C:\Users\andre\Desktop\EURU TOS MAIN\08_DADOS_E_JOURNAL\SCORECARDS\ASIAN_REPORT_2026-04-18.md"
"08_DADOS_E_JOURNAL\SCORECARDS\ASIAN_REPORT_2026-04-20.md","10375","2026-04-25T10:19:05.3008159Z","C:\Users\andre\Desktop\EURU TOS MAIN\08_DADOS_E_JOURNAL\SCORECARDS\ASIAN_REPORT_2026-04-20.md"
"08_DADOS_E_JOURNAL\SCORECARDS\ASIAN_REPORT_2026-04-22.md","9458","2026-04-25T10:19:05.3008159Z","C:\Users\andre\Desktop\EURU TOS MAIN\08_DADOS_E_JOURNAL\SCORECARDS\ASIAN_REPORT_2026-04-22.md"
"08_DADOS_E_JOURNAL\SCORECARDS\ASIAN_REPORT_2026-04-23.md","9905","2026-04-25T10:19:05.3023027Z","C:\Users\andre\Desktop\EURU TOS MAIN\08_DADOS_E_JOURNAL\SCORECARDS\ASIAN_REPORT_2026-04-23.md"
"08_DADOS_E_JOURNAL\SCORECARDS\ASIAN_REPORT_2026-04-25.md","9865","2026-04-25T10:19:05.3023027Z","C:\Users\andre\Desktop\EURU TOS MAIN\08_DADOS_E_JOURNAL\SCORECARDS\ASIAN_REPORT_2026-04-25.md"
"08_DADOS_E_JOURNAL\SCORECARDS\BREAKOUT_SCAN_2026-04-15.md","4754","2026-04-17T19:37:25.3312527Z","C:\Users\andre\Desktop\EURU TOS MAIN\08_DADOS_E_JOURNAL\SCORECARDS\BREAKOUT_SCAN_2026-04-15.md"
"08_DADOS_E_JOURNAL\SCORECARDS\LEARNING_PREFLIGHT_REPORT_2026-04-12_233305.md","628","2026-04-13T06:59:46.6727439Z","C:\Users\andre\Desktop\EURU TOS MAIN\08_DADOS_E_JOURNAL\SCORECARDS\LEARNING_PREFLIGHT_REPORT_2026-04-12_233305.md"
"08_DADOS_E_JOURNAL\SCORECARDS\LEARNING_PREFLIGHT_REPORT_2026-04-12_234947.md","628","2026-04-13T06:59:46.6737550Z","C:\Users\andre\Desktop\EURU TOS MAIN\08_DADOS_E_JOURNAL\SCORECARDS\LEARNING_PREFLIGHT_REPORT_2026-04-12_234947.md"
"08_DADOS_E_JOURNAL\SCORECARDS\LEARNING_PREFLIGHT_REPORT_2026-04-13_065003.md","603","2026-04-13T04:50:04.0000000Z","C:\Users\andre\Desktop\EURU TOS MAIN\08_DADOS_E_JOURNAL\SCORECARDS\LEARNING_PREFLIGHT_REPORT_2026-04-13_065003.md"
"08_DADOS_E_JOURNAL\SCORECARDS\LEARNING_PREFLIGHT_REPORT_2026-04-13_065011.md","603","2026-04-13T04:50:12.0000000Z","C:\Users\andre\Desktop\EURU TOS MAIN\08_DADOS_E_JOURNAL\SCORECARDS\LEARNING_PREFLIGHT_REPORT_2026-04-13_065011.md"
"08_DADOS_E_JOURNAL\SCORECARDS\LEARNING_PREFLIGHT_REPORT_2026-04-17_214127.md","628","2026-04-17T19:41:27.2583406Z","C:\Users\andre\Desktop\EURU TOS MAIN\08_DADOS_E_JOURNAL\SCORECARDS\LEARNING_PREFLIGHT_REPORT_2026-04-17_214127.md"
"08_DADOS_E_JOURNAL\SCORECARDS\LEARNING_PREFLIGHT_REPORT_2026-04-25_121918.md","628","2026-04-25T10:19:18.7929304Z","C:\Users\andre\Desktop\EURU TOS MAIN\08_DADOS_E_JOURNAL\SCORECARDS\LEARNING_PREFLIGHT_REPORT_2026-04-25_121918.md"
"08_DADOS_E_JOURNAL\SCORECARDS\LEARNING_PREFLIGHT_REPORT_2026-04-25_122546.md","628","2026-04-25T10:25:46.6419962Z","C:\Users\andre\Desktop\EURU TOS MAIN\08_DADOS_E_JOURNAL\SCORECARDS\LEARNING_PREFLIGHT_REPORT_2026-04-25_122546.md"
"08_DADOS_E_JOURNAL\SCORECARDS\LEARNING_REPORT_2026-04-12.md","2100","2026-04-13T06:59:46.6747546Z","C:\Users\andre\Desktop\EURU TOS MAIN\08_DADOS_E_JOURNAL\SCORECARDS\LEARNING_REPORT_2026-04-12.md"
"08_DADOS_E_JOURNAL\SCORECARDS\LEARNING_REPORT_2026-04-13.md","2017","2026-04-13T04:50:12.0000000Z","C:\Users\andre\Desktop\EURU TOS MAIN\08_DADOS_E_JOURNAL\SCORECARDS\LEARNING_REPORT_2026-04-13.md"
"08_DADOS_E_JOURNAL\SCORECARDS\LEARNING_REPORT_2026-04-17.md","2093","2026-04-17T19:41:27.3483974Z","C:\Users\andre\Desktop\EURU TOS MAIN\08_DADOS_E_JOURNAL\SCORECARDS\LEARNING_REPORT_2026-04-17.md"
"08_DADOS_E_JOURNAL\SCORECARDS\LEARNING_REPORT_2026-04-25.md","2141","2026-04-25T10:25:46.7652279Z","C:\Users\andre\Desktop\EURU TOS MAIN\08_DADOS_E_JOURNAL\SCORECARDS\LEARNING_REPORT_2026-04-25.md"
"08_DADOS_E_JOURNAL\SCORECARDS\SCHEMA_VALIDATION_REPORT_2026-04-12.md","3218","2026-04-13T06:59:46.6757548Z","C:\Users\andre\Desktop\EURU TOS MAIN\08_DADOS_E_JOURNAL\SCORECARDS\SCHEMA_VALIDATION_REPORT_2026-04-12.md"
"08_DADOS_E_JOURNAL\SCORECARDS\SCHEMA_VALIDATION_REPORT_2026-04-13.md","2972","2026-04-13T04:50:12.0000000Z","C:\Users\andre\Desktop\EURU TOS MAIN\08_DADOS_E_JOURNAL\SCORECARDS\SCHEMA_VALIDATION_REPORT_2026-04-13.md"
"08_DADOS_E_JOURNAL\SCORECARDS\SCHEMA_VALIDATION_REPORT_2026-04-17.md","5512","2026-04-17T19:41:27.2573887Z","C:\Users\andre\Desktop\EURU TOS MAIN\08_DADOS_E_JOURNAL\SCORECARDS\SCHEMA_VALIDATION_REPORT_2026-04-17.md"
"08_DADOS_E_JOURNAL\SCORECARDS\SCHEMA_VALIDATION_REPORT_2026-04-24.md","10100","2026-04-24T18:30:01.3441996Z","C:\Users\andre\Desktop\EURU TOS MAIN\08_DADOS_E_JOURNAL\SCORECARDS\SCHEMA_VALIDATION_REPORT_2026-04-24.md"
"08_DADOS_E_JOURNAL\SCORECARDS\SCHEMA_VALIDATION_REPORT_2026-04-25.md","9788","2026-04-25T10:25:46.6419962Z","C:\Users\andre\Desktop\EURU TOS MAIN\08_DADOS_E_JOURNAL\SCORECARDS\SCHEMA_VALIDATION_REPORT_2026-04-25.md"
"08_DADOS_E_JOURNAL\SCORECARDS\SCOUT_REPORT_2026-04-01.md","2698","2026-04-12T19:30:08.0000000Z","C:\Users\andre\Desktop\EURU TOS MAIN\08_DADOS_E_JOURNAL\SCORECARDS\SCOUT_REPORT_2026-04-01.md"
"08_DADOS_E_JOURNAL\SCORECARDS\SCOUT_REPORT_2026-04-02.md","7413","2026-04-12T19:30:08.0000000Z","C:\Users\andre\Desktop\EURU TOS MAIN\08_DADOS_E_JOURNAL\SCORECARDS\SCOUT_REPORT_2026-04-02.md"
"08_DADOS_E_JOURNAL\SCORECARDS\SCOUT_REPORT_2026-04-03.md","7789","2026-04-12T19:30:08.0000000Z","C:\Users\andre\Desktop\EURU TOS MAIN\08_DADOS_E_JOURNAL\SCORECARDS\SCOUT_REPORT_2026-04-03.md"
"08_DADOS_E_JOURNAL\SCORECARDS\SCOUT_REPORT_2026-04-04.md","17656","2026-04-12T19:30:08.0000000Z","C:\Users\andre\Desktop\EURU TOS MAIN\08_DADOS_E_JOURNAL\SCORECARDS\SCOUT_REPORT_2026-04-04.md"
"08_DADOS_E_JOURNAL\SCORECARDS\SCOUT_REPORT_2026-04-05.md","17564","2026-04-12T19:30:08.0000000Z","C:\Users\andre\Desktop\EURU TOS MAIN\08_DADOS_E_JOURNAL\SCORECARDS\SCOUT_REPORT_2026-04-05.md"
"08_DADOS_E_JOURNAL\SCORECARDS\SCOUT_REPORT_2026-04-06.md","17265","2026-04-12T19:30:08.0000000Z","C:\Users\andre\Desktop\EURU TOS MAIN\08_DADOS_E_JOURNAL\SCORECARDS\SCOUT_REPORT_2026-04-06.md"
"08_DADOS_E_JOURNAL\SCORECARDS\SCOUT_REPORT_2026-04-07.md","17503","2026-04-12T19:30:08.0000000Z","C:\Users\andre\Desktop\EURU TOS MAIN\08_DADOS_E_JOURNAL\SCORECARDS\SCOUT_REPORT_2026-04-07.md"
"08_DADOS_E_JOURNAL\SCORECARDS\SCOUT_REPORT_2026-04-08.md","17135","2026-04-12T19:30:08.0000000Z","C:\Users\andre\Desktop\EURU TOS MAIN\08_DADOS_E_JOURNAL\SCORECARDS\SCOUT_REPORT_2026-04-08.md"
"08_DADOS_E_JOURNAL\SCORECARDS\SCOUT_REPORT_2026-04-09.md","17533","2026-04-12T19:30:08.0000000Z","C:\Users\andre\Desktop\EURU TOS MAIN\08_DADOS_E_JOURNAL\SCORECARDS\SCOUT_REPORT_2026-04-09.md"
"08_DADOS_E_JOURNAL\SCORECARDS\SCOUT_REPORT_2026-04-10.md","17242","2026-04-12T19:30:08.0000000Z","C:\Users\andre\Desktop\EURU TOS MAIN\08_DADOS_E_JOURNAL\SCORECARDS\SCOUT_REPORT_2026-04-10.md"
"08_DADOS_E_JOURNAL\SCORECARDS\SCOUT_REPORT_2026-04-11.md","17462","2026-04-12T19:30:08.0000000Z","C:\Users\andre\Desktop\EURU TOS MAIN\08_DADOS_E_JOURNAL\SCORECARDS\SCOUT_REPORT_2026-04-11.md"
"08_DADOS_E_JOURNAL\SCORECARDS\SCOUT_REPORT_2026-04-14.md","16746","2026-04-17T19:37:25.3272586Z","C:\Users\andre\Desktop\EURU TOS MAIN\08_DADOS_E_JOURNAL\SCORECARDS\SCOUT_REPORT_2026-04-14.md"
"08_DADOS_E_JOURNAL\SCORECARDS\SCOUT_REPORT_2026-04-15.md","20001","2026-04-17T19:37:25.3282621Z","C:\Users\andre\Desktop\EURU TOS MAIN\08_DADOS_E_JOURNAL\SCORECARDS\SCOUT_REPORT_2026-04-15.md"
"08_DADOS_E_JOURNAL\SCORECARDS\SCOUT_REPORT_2026-04-16.md","20264","2026-04-17T19:37:25.3292520Z","C:\Users\andre\Desktop\EURU TOS MAIN\08_DADOS_E_JOURNAL\SCORECARDS\SCOUT_REPORT_2026-04-16.md"
"08_DADOS_E_JOURNAL\SCORECARDS\SCOUT_REPORT_2026-04-17.md","20395","2026-04-17T19:37:25.3302647Z","C:\Users\andre\Desktop\EURU TOS MAIN\08_DADOS_E_JOURNAL\SCORECARDS\SCOUT_REPORT_2026-04-17.md"
"08_DADOS_E_JOURNAL\SCORECARDS\SCOUT_REPORT_2026-04-18.md","20352","2026-04-25T10:19:05.2931420Z","C:\Users\andre\Desktop\EURU TOS MAIN\08_DADOS_E_JOURNAL\SCORECARDS\SCOUT_REPORT_2026-04-18.md"
"08_DADOS_E_JOURNAL\SCORECARDS\SCOUT_REPORT_2026-04-19.md","20746","2026-04-25T10:19:05.2941462Z","C:\Users\andre\Desktop\EURU TOS MAIN\08_DADOS_E_JOURNAL\SCORECARDS\SCOUT_REPORT_2026-04-19.md"
"08_DADOS_E_JOURNAL\SCORECARDS\SCOUT_REPORT_2026-04-20.md","20260","2026-04-25T10:19:05.2951434Z","C:\Users\andre\Desktop\EURU TOS MAIN\08_DADOS_E_JOURNAL\SCORECARDS\SCOUT_REPORT_2026-04-20.md"
"08_DADOS_E_JOURNAL\SCORECARDS\SCOUT_REPORT_2026-04-21.md","21331","2026-04-25T10:19:05.2951434Z","C:\Users\andre\Desktop\EURU TOS MAIN\08_DADOS_E_JOURNAL\SCORECARDS\SCOUT_REPORT_2026-04-21.md"
"08_DADOS_E_JOURNAL\SCORECARDS\SCOUT_REPORT_2026-04-22.md","20955","2026-04-25T10:19:05.2951434Z","C:\Users\andre\Desktop\EURU TOS MAIN\08_DADOS_E_JOURNAL\SCORECARDS\SCOUT_REPORT_2026-04-22.md"
"08_DADOS_E_JOURNAL\SCORECARDS\SCOUT_REPORT_2026-04-23.md","20550","2026-04-25T10:19:05.2965496Z","C:\Users\andre\Desktop\EURU TOS MAIN\08_DADOS_E_JOURNAL\SCORECARDS\SCOUT_REPORT_2026-04-23.md"
"08_DADOS_E_JOURNAL\SCORECARDS\SCOUT_REPORT_2026-04-24.md","20313","2026-04-25T10:19:05.2978064Z","C:\Users\andre\Desktop\EURU TOS MAIN\08_DADOS_E_JOURNAL\SCORECARDS\SCOUT_REPORT_2026-04-24.md"
"08_DADOS_E_JOURNAL\SCORECARDS\SCOUT_REPORT_2026-04-25.md","20587","2026-04-25T10:19:05.2988177Z","C:\Users\andre\Desktop\EURU TOS MAIN\08_DADOS_E_JOURNAL\SCORECARDS\SCOUT_REPORT_2026-04-25.md"
"08_DADOS_E_JOURNAL\SCORECARDS\TRADE_MONITOR_REPORT_2026-04-16.md","786","2026-04-17T19:37:25.3312527Z","C:\Users\andre\Desktop\EURU TOS MAIN\08_DADOS_E_JOURNAL\SCORECARDS\TRADE_MONITOR_REPORT_2026-04-16.md"
"08_DADOS_E_JOURNAL\SCORECARDS\TRADE_MONITOR_REPORT_2026-04-17.md","197","2026-04-17T19:37:25.3322532Z","C:\Users\andre\Desktop\EURU TOS MAIN\08_DADOS_E_JOURNAL\SCORECARDS\TRADE_MONITOR_REPORT_2026-04-17.md"
"08_DADOS_E_JOURNAL\SCORECARDS\TRADE_MONITOR_REPORT_2026-04-18.md","186","2026-04-25T10:19:05.3033111Z","C:\Users\andre\Desktop\EURU TOS MAIN\08_DADOS_E_JOURNAL\SCORECARDS\TRADE_MONITOR_REPORT_2026-04-18.md"
"08_DADOS_E_JOURNAL\SCORECARDS\TRADE_MONITOR_REPORT_2026-04-19.md","186","2026-04-25T10:19:05.3033111Z","C:\Users\andre\Desktop\EURU TOS MAIN\08_DADOS_E_JOURNAL\SCORECARDS\TRADE_MONITOR_REPORT_2026-04-19.md"
"08_DADOS_E_JOURNAL\SCORECARDS\TRADE_MONITOR_REPORT_2026-04-20.md","186","2026-04-25T10:19:05.3043096Z","C:\Users\andre\Desktop\EURU TOS MAIN\08_DADOS_E_JOURNAL\SCORECARDS\TRADE_MONITOR_REPORT_2026-04-20.md"
"08_DADOS_E_JOURNAL\SCORECARDS\TRADE_MONITOR_REPORT_2026-04-21.md","186","2026-04-25T10:19:05.3043096Z","C:\Users\andre\Desktop\EURU TOS MAIN\08_DADOS_E_JOURNAL\SCORECARDS\TRADE_MONITOR_REPORT_2026-04-21.md"
"08_DADOS_E_JOURNAL\SCORECARDS\TRADE_MONITOR_REPORT_2026-04-22.md","186","2026-04-25T10:19:05.3043096Z","C:\Users\andre\Desktop\EURU TOS MAIN\08_DADOS_E_JOURNAL\SCORECARDS\TRADE_MONITOR_REPORT_2026-04-22.md"
"08_DADOS_E_JOURNAL\SCORECARDS\TRADE_MONITOR_REPORT_2026-04-23.md","186","2026-04-25T10:19:05.3043096Z","C:\Users\andre\Desktop\EURU TOS MAIN\08_DADOS_E_JOURNAL\SCORECARDS\TRADE_MONITOR_REPORT_2026-04-23.md"
"08_DADOS_E_JOURNAL\SCORECARDS\TRADE_MONITOR_REPORT_2026-04-24.md","186","2026-04-25T10:19:05.3057039Z","C:\Users\andre\Desktop\EURU TOS MAIN\08_DADOS_E_JOURNAL\SCORECARDS\TRADE_MONITOR_REPORT_2026-04-24.md"
"08_DADOS_E_JOURNAL\SCORECARDS\TRADE_MONITOR_REPORT_2026-04-25.md","186","2026-04-25T10:19:05.3057039Z","C:\Users\andre\Desktop\EURU TOS MAIN\08_DADOS_E_JOURNAL\SCORECARDS\TRADE_MONITOR_REPORT_2026-04-25.md"
"08_DADOS_E_JOURNAL\SCORECARDS\FRIDAY_CYCLE_REPORTS\FRIDAY_CYCLE_REPORT_2026-04-12_232419.md","1333","2026-04-13T06:59:46.6704231Z","C:\Users\andre\Desktop\EURU TOS MAIN\08_DADOS_E_JOURNAL\SCORECARDS\FRIDAY_CYCLE_REPORTS\FRIDAY_CYCLE_REPORT_2026-04-12_232419.md"
"08_DADOS_E_JOURNAL\SCORECARDS\FRIDAY_CYCLE_REPORTS\FRIDAY_CYCLE_REPORT_2026-04-12_232819.md","3142","2026-04-13T06:59:46.6704231Z","C:\Users\andre\Desktop\EURU TOS MAIN\08_DADOS_E_JOURNAL\SCORECARDS\FRIDAY_CYCLE_REPORTS\FRIDAY_CYCLE_REPORT_2026-04-12_232819.md"
"08_DADOS_E_JOURNAL\SCORECARDS\FRIDAY_CYCLE_REPORTS\FRIDAY_CYCLE_REPORT_2026-04-12_233305.md","5897","2026-04-13T06:59:46.6714229Z","C:\Users\andre\Desktop\EURU TOS MAIN\08_DADOS_E_JOURNAL\SCORECARDS\FRIDAY_CYCLE_REPORTS\FRIDAY_CYCLE_REPORT_2026-04-12_233305.md"
"08_DADOS_E_JOURNAL\SCORECARDS\FRIDAY_CYCLE_REPORTS\FRIDAY_CYCLE_REPORT_2026-04-12_234947.md","4716","2026-04-13T06:59:46.6727439Z","C:\Users\andre\Desktop\EURU TOS MAIN\08_DADOS_E_JOURNAL\SCORECARDS\FRIDAY_CYCLE_REPORTS\FRIDAY_CYCLE_REPORT_2026-04-12_234947.md"
"08_DADOS_E_JOURNAL\SCORECARDS\FRIDAY_CYCLE_REPORTS\FRIDAY_CYCLE_REPORT_2026-04-13_065004.md","4218","2026-04-13T04:50:04.0000000Z","C:\Users\andre\Desktop\EURU TOS MAIN\08_DADOS_E_JOURNAL\SCORECARDS\FRIDAY_CYCLE_REPORTS\FRIDAY_CYCLE_REPORT_2026-04-13_065004.md"
"08_DADOS_E_JOURNAL\SCORECARDS\FRIDAY_CYCLE_REPORTS\FRIDAY_CYCLE_REPORT_2026-04-13_065012.md","4887","2026-04-13T04:50:12.0000000Z","C:\Users\andre\Desktop\EURU TOS MAIN\08_DADOS_E_JOURNAL\SCORECARDS\FRIDAY_CYCLE_REPORTS\FRIDAY_CYCLE_REPORT_2026-04-13_065012.md"
"08_DADOS_E_JOURNAL\SCORECARDS\FRIDAY_CYCLE_REPORTS\FRIDAY_CYCLE_REPORT_2026-04-17_203002.md","1657","2026-04-17T18:30:02.5749469Z","C:\Users\andre\Desktop\EURU TOS MAIN\08_DADOS_E_JOURNAL\SCORECARDS\FRIDAY_CYCLE_REPORTS\FRIDAY_CYCLE_REPORT_2026-04-17_203002.md"
"08_DADOS_E_JOURNAL\SCORECARDS\FRIDAY_CYCLE_REPORTS\FRIDAY_CYCLE_REPORT_2026-04-17_214127.md","6824","2026-04-17T19:41:27.3493973Z","C:\Users\andre\Desktop\EURU TOS MAIN\08_DADOS_E_JOURNAL\SCORECARDS\FRIDAY_CYCLE_REPORTS\FRIDAY_CYCLE_REPORT_2026-04-17_214127.md"
"08_DADOS_E_JOURNAL\SCORECARDS\FRIDAY_CYCLE_REPORTS\FRIDAY_CYCLE_REPORT_2026-04-24_203001.md","2124","2026-04-24T18:30:01.3457304Z","C:\Users\andre\Desktop\EURU TOS MAIN\08_DADOS_E_JOURNAL\SCORECARDS\FRIDAY_CYCLE_REPORTS\FRIDAY_CYCLE_REPORT_2026-04-24_203001.md"
"08_DADOS_E_JOURNAL\SCORECARDS\FRIDAY_CYCLE_REPORTS\FRIDAY_CYCLE_REPORT_2026-04-25_121918.md","7247","2026-04-25T10:19:18.9475808Z","C:\Users\andre\Desktop\EURU TOS MAIN\08_DADOS_E_JOURNAL\SCORECARDS\FRIDAY_CYCLE_REPORTS\FRIDAY_CYCLE_REPORT_2026-04-25_121918.md"
"08_DADOS_E_JOURNAL\SCORECARDS\FRIDAY_CYCLE_REPORTS\FRIDAY_CYCLE_REPORT_2026-04-25_122546.md","5590","2026-04-25T10:25:46.7675339Z","C:\Users\andre\Desktop\EURU TOS MAIN\08_DADOS_E_JOURNAL\SCORECARDS\FRIDAY_CYCLE_REPORTS\FRIDAY_CYCLE_REPORT_2026-04-25_122546.md"
"08_DADOS_E_JOURNAL\SCORECARDS\SCORECARDS\SCORECARD_system_euru_tos_2026-W15.md","1694","2026-04-13T06:59:46.6767566Z","C:\Users\andre\Desktop\EURU TOS MAIN\08_DADOS_E_JOURNAL\SCORECARDS\SCORECARDS\SCORECARD_system_euru_tos_2026-W15.md"
"08_DADOS_E_JOURNAL\SCORECARDS\SCORECARDS\SCORECARD_system_euru_tos_2026-W16.md","1536","2026-04-17T19:41:27.3493973Z","C:\Users\andre\Desktop\EURU TOS MAIN\08_DADOS_E_JOURNAL\SCORECARDS\SCORECARDS\SCORECARD_system_euru_tos_2026-W16.md"
"08_DADOS_E_JOURNAL\SCORECARDS\SCORECARDS\SCORECARD_system_euru_tos_2026-W17.md","1542","2026-04-25T10:25:46.7675339Z","C:\Users\andre\Desktop\EURU TOS MAIN\08_DADOS_E_JOURNAL\SCORECARDS\SCORECARDS\SCORECARD_system_euru_tos_2026-W17.md"
"08_DADOS_E_JOURNAL\WATCHLISTS\EURU_DATA_WATCHLIST_OfficialWatchlist_OFFICIAL_v1.3.md","8608","2026-04-15T21:42:22.4092417Z","C:\Users\andre\Desktop\EURU TOS MAIN\08_DADOS_E_JOURNAL\WATCHLISTS\EURU_DATA_WATCHLIST_OfficialWatchlist_OFFICIAL_v1.3.md"
"08_DADOS_E_JOURNAL\WATCHLISTS\WATCHLIST_OFICIAL.md","5607","2026-04-03T14:43:24.0000000Z","C:\Users\andre\Desktop\EURU TOS MAIN\08_DADOS_E_JOURNAL\WATCHLISTS\WATCHLIST_OFICIAL.md"
"09_LOGS_E_INCIDENTES\EURU_LOGS_REGISTRY_IncidentLog_OFFICIAL_v1.0.md","1807","2026-04-11T10:09:26.0000000Z","C:\Users\andre\Desktop\EURU TOS MAIN\09_LOGS_E_INCIDENTES\EURU_LOGS_REGISTRY_IncidentLog_OFFICIAL_v1.0.md"
"09_LOGS_E_INCIDENTES\INCIDENTES.md","126","2026-03-28T08:42:40.0000000Z","C:\Users\andre\Desktop\EURU TOS MAIN\09_LOGS_E_INCIDENTES\INCIDENTES.md"
"10_AUTOMACOES\register_euru_friday_cycle_task.ps1","1127","2026-04-12T19:07:14.0000000Z","C:\Users\andre\Desktop\EURU TOS MAIN\10_AUTOMACOES\register_euru_friday_cycle_task.ps1"
"10_AUTOMACOES\register_euru_learning_preflight_task.ps1","861","2026-04-12T19:07:14.0000000Z","C:\Users\andre\Desktop\EURU TOS MAIN\10_AUTOMACOES\register_euru_learning_preflight_task.ps1"
"10_AUTOMACOES\register_euru_learning_task.ps1","891","2026-04-12T19:07:14.0000000Z","C:\Users\andre\Desktop\EURU TOS MAIN\10_AUTOMACOES\register_euru_learning_task.ps1"
"11_CONFIG_PLACEHOLDERS\.env.example","352","2026-03-28T08:42:40.0000000Z","C:\Users\andre\Desktop\EURU TOS MAIN\11_CONFIG_PLACEHOLDERS\.env.example"
"11_CONFIG_PLACEHOLDERS\.gitkeep","0","2026-04-05T18:43:34.0000000Z","C:\Users\andre\Desktop\EURU TOS MAIN\11_CONFIG_PLACEHOLDERS\.gitkeep"
"99_ARCHIVE\# 📑 MASTER TRADING PROTOCOL (MTP).md","1518","2026-04-16T20:57:07.3313580Z","C:\Users\andre\Desktop\EURU TOS MAIN\99_ARCHIVE\# 📑 MASTER TRADING PROTOCOL (MTP).md"
"99_ARCHIVE\EURU_HANDOFF_FUNDACAO_SOLIDA_2026-04-13.md","8933","2026-04-13T07:16:30.4458562Z","C:\Users\andre\Desktop\EURU TOS MAIN\99_ARCHIVE\EURU_HANDOFF_FUNDACAO_SOLIDA_2026-04-13.md"
"99_ARCHIVE\EURU_SESSION_HANDOFF_2026-04-11.md","5979","2026-04-11T12:40:47.7866716Z","C:\Users\andre\Desktop\EURU TOS MAIN\99_ARCHIVE\EURU_SESSION_HANDOFF_2026-04-11.md"
"99_ARCHIVE\EURU_SESSION_HANDOFF_2026-04-12_v2.md","6135","2026-04-12T22:35:28.9413271Z","C:\Users\andre\Desktop\EURU TOS MAIN\99_ARCHIVE\EURU_SESSION_HANDOFF_2026-04-12_v2.md"
"99_ARCHIVE\EURU_SNAPSHOT_2026-04-25_1.txt","41346","2026-04-25T09:33:25.0477711Z","C:\Users\andre\Desktop\EURU TOS MAIN\99_ARCHIVE\EURU_SNAPSHOT_2026-04-25_1.txt"
"99_ARCHIVE\master doc 25_04_2026 snapshoot.pdf","3808748","2026-04-25T09:32:16.5007463Z","C:\Users\andre\Desktop\EURU TOS MAIN\99_ARCHIVE\master doc 25_04_2026 snapshoot.pdf"
"99_ARCHIVE\README_ARCHIVE.md","339","2026-04-25T10:08:03.4976830Z","C:\Users\andre\Desktop\EURU TOS MAIN\99_ARCHIVE\README_ARCHIVE.md"
"99_ARCHIVE\README_OLD_PUBLIC.md","1145","2026-04-20T05:19:41.7291626Z","C:\Users\andre\Desktop\EURU TOS MAIN\99_ARCHIVE\README_OLD_PUBLIC.md"
"99_ARCHIVE\DOCX_LEGACY\01_GOVERNANCA__Arquivo extra recomendado. Padrao decisao Euru.docx","14357","2026-03-27T07:01:10.0000000Z","C:\Users\andre\Desktop\EURU TOS MAIN\99_ARCHIVE\DOCX_LEGACY\01_GOVERNANCA__Arquivo extra recomendado. Padrao decisao Euru.docx"
"99_ARCHIVE\DOCX_LEGACY\02_BINANCE_SETUP__API_KEYS_E_PERMISSOES_REVISADO (1).docx","12207","2026-04-05T04:59:50.0000000Z","C:\Users\andre\Desktop\EURU TOS MAIN\99_ARCHIVE\DOCX_LEGACY\02_BINANCE_SETUP__API_KEYS_E_PERMISSOES_REVISADO (1).docx"
"99_ARCHIVE\DOCX_LEGACY\02_BINANCE_SETUP__CONTA_E_KYC_REVISADO.docx","10568","2026-04-05T05:00:24.0000000Z","C:\Users\andre\Desktop\EURU TOS MAIN\99_ARCHIVE\DOCX_LEGACY\02_BINANCE_SETUP__CONTA_E_KYC_REVISADO.docx"
"99_ARCHIVE\DOCX_LEGACY\02_BINANCE_SETUP__DEMO_TRADING_REVISADO.docx","11105","2026-04-05T04:59:56.0000000Z","C:\Users\andre\Desktop\EURU TOS MAIN\99_ARCHIVE\DOCX_LEGACY\02_BINANCE_SETUP__DEMO_TRADING_REVISADO.docx"
"99_ARCHIVE\DOCX_LEGACY\02_BINANCE_SETUP__exchangeInfo__iPrestrictions questions and KEYS.docx","260747","2026-03-27T20:21:52.0000000Z","C:\Users\andre\Desktop\EURU TOS MAIN\99_ARCHIVE\DOCX_LEGACY\02_BINANCE_SETUP__exchangeInfo__iPrestrictions questions and KEYS.docx"
"99_ARCHIVE\DOCX_LEGACY\02_BINANCE_SETUP__SEGURANCA_E_2FA_REVISADO.docx","10736","2026-04-05T05:00:02.0000000Z","C:\Users\andre\Desktop\EURU TOS MAIN\99_ARCHIVE\DOCX_LEGACY\02_BINANCE_SETUP__SEGURANCA_E_2FA_REVISADO.docx"
"99_ARCHIVE\DOCX_LEGACY\04_AGENTES__06_DEVOPS_GUARDIAO__06_DEVOPS_GUARDIAO_PROMPT_REVISADO.docx","10824","2026-04-05T13:20:28.0000000Z","C:\Users\andre\Desktop\EURU TOS MAIN\99_ARCHIVE\DOCX_LEGACY\04_AGENTES__06_DEVOPS_GUARDIAO__06_DEVOPS_GUARDIAO_PROMPT_REVISADO.docx"
"99_ARCHIVE\DOCX_LEGACY\04_AGENTES__07_JOURNAL_AUDITOR__07_JOURNAL_AUDITOR_PROMPT_REVISADO.docx","10868","2026-04-05T13:22:06.0000000Z","C:\Users\andre\Desktop\EURU TOS MAIN\99_ARCHIVE\DOCX_LEGACY\04_AGENTES__07_JOURNAL_AUDITOR__07_JOURNAL_AUDITOR_PROMPT_REVISADO.docx"
"99_ARCHIVE\DOCX_LEGACY\05_PROMPTS__MASTER_PROMPT_EURU_REVISADO.docx","19017","2026-04-05T13:33:00.0000000Z","C:\Users\andre\Desktop\EURU TOS MAIN\99_ARCHIVE\DOCX_LEGACY\05_PROMPTS__MASTER_PROMPT_EURU_REVISADO.docx"
"99_ARCHIVE\DOCX_LEGACY\08_DADOS_E_JOURNAL__JOURNAL_TRADES__Template_JOURNAL.docx","21484","2026-04-02T05:52:36.0000000Z","C:\Users\andre\Desktop\EURU TOS MAIN\99_ARCHIVE\DOCX_LEGACY\08_DADOS_E_JOURNAL__JOURNAL_TRADES__Template_JOURNAL.docx"
"99_ARCHIVE\DOCX_LEGACY\08_DADOS_E_JOURNAL__SCORECARDS__Scorecard Di#U00e1rio do Euru.docx","16803","2026-04-01T05:07:46.0000000Z","C:\Users\andre\Desktop\EURU TOS MAIN\99_ARCHIVE\DOCX_LEGACY\08_DADOS_E_JOURNAL__SCORECARDS__Scorecard Di#U00e1rio do Euru.docx"
"99_ARCHIVE\DOCX_LEGACY\08_DADOS_E_JOURNAL__WATCHLISTS__watchlist_core.docx","14480","2026-03-27T07:23:52.0000000Z","C:\Users\andre\Desktop\EURU TOS MAIN\99_ARCHIVE\DOCX_LEGACY\08_DADOS_E_JOURNAL__WATCHLISTS__watchlist_core.docx"
"99_ARCHIVE\DOCX_LEGACY\09_LOGS_E_INCIDENTES__Changelog do Euru.docx","20563","2026-04-05T19:11:38.0000000Z","C:\Users\andre\Desktop\EURU TOS MAIN\99_ARCHIVE\DOCX_LEGACY\09_LOGS_E_INCIDENTES__Changelog do Euru.docx"
"docs\pitch.md","534","2026-04-20T05:19:41.7306347Z","C:\Users\andre\Desktop\EURU TOS MAIN\docs\pitch.md"
"docs\positioning.md","711","2026-04-20T05:19:41.7306347Z","C:\Users\andre\Desktop\EURU TOS MAIN\docs\positioning.md"
"docs\structure.md","1369","2026-04-20T05:19:41.7320957Z","C:\Users\andre\Desktop\EURU TOS MAIN\docs\structure.md"
"docs\use-case.md","1158","2026-04-20T05:19:41.7320957Z","C:\Users\andre\Desktop\EURU TOS MAIN\docs\use-case.md"
"docs\value.md","831","2026-04-20T05:19:41.7320957Z","C:\Users\andre\Desktop\EURU TOS MAIN\docs\value.md"
"__pycache__\euru_asian_scan.cpython-314.pyc","26863","2026-04-25T10:21:11.7623485Z","C:\Users\andre\Desktop\EURU TOS MAIN\__pycache__\euru_asian_scan.cpython-314.pyc"
"__pycache__\euru_git_sync.cpython-314.pyc","3013","2026-04-25T10:21:11.7461700Z","C:\Users\andre\Desktop\EURU TOS MAIN\__pycache__\euru_git_sync.cpython-314.pyc"
"__pycache__\euru_learning_engine.cpython-314.pyc","58128","2026-04-25T10:19:18.5439775Z","C:\Users\andre\Desktop\EURU TOS MAIN\__pycache__\euru_learning_engine.cpython-314.pyc"
"__pycache__\euru_learning_preflight.cpython-314.pyc","11390","2026-04-25T10:19:18.5358080Z","C:\Users\andre\Desktop\EURU TOS MAIN\__pycache__\euru_learning_preflight.cpython-314.pyc"
"__pycache__\euru_morning_scan.cpython-314.pyc","36456","2026-04-25T10:21:11.7571787Z","C:\Users\andre\Desktop\EURU TOS MAIN\__pycache__\euru_morning_scan.cpython-314.pyc"
"__pycache__\euru_schema_validator.cpython-314.pyc","37579","2026-04-25T10:19:18.5317759Z","C:\Users\andre\Desktop\EURU TOS MAIN\__pycache__\euru_schema_validator.cpython-314.pyc"
"__pycache__\euru_trade_metrics_calculator.cpython-314.pyc","20593","2026-04-25T10:30:22.9991019Z","C:\Users\andre\Desktop\EURU TOS MAIN\__pycache__\euru_trade_metrics_calculator.cpython-314.pyc"
"__pycache__\euru_trade_monitor.cpython-314.pyc","26499","2026-04-25T10:21:11.7694742Z","C:\Users\andre\Desktop\EURU TOS MAIN\__pycache__\euru_trade_monitor.cpython-314.pyc"
